,region,year,athelets_total,medals_total,gdppc_by_year
0,China,1970.0,66.0,0.0,778.0
1,Denmark,1970.0,231.0,9.0,12686.0
2,Netherlands,1970.0,315.0,17.0,11967.0
3,Finland,1970.0,241.0,16.0,9577.0
4,Norway,1970.0,240.0,14.0,10027.0
5,Romania,1970.0,498.0,94.0,2853.0
6,Estonia,1970.0,0.0,0.0,5575.0
7,France,1970.0,599.0,42.0,11410.0
8,Morocco,1970.0,28.0,0.0,1616.0
9,Spain,1970.0,314.0,7.0,6319.0
10,Egypt,1970.0,52.0,0.0,1254.0
11,Iran,1970.0,160.0,5.0,4189.0
12,Bulgaria,1970.0,470.0,61.0,4773.0
13,Italy,1970.0,648.0,56.0,9719.0
14,Sudan,1970.0,2.0,0.0,888.0
15,Russia,1970.0,1071.0,489.0,5575.0
16,Argentina,1970.0,217.0,1.0,7302.0
17,Cuba,1970.0,393.0,46.0,1917.0
18,Greece,1970.0,101.0,2.0,6211.0
19,Cameroon,1970.0,18.0,0.0,982.0
20,Turkey,1970.0,76.0,1.0,3078.0
21,Chile,1970.0,19.0,0.0,5231.0
22,Mexico,1970.0,403.0,3.0,4320.0
23,United States of America,1970.0,1126.0,335.0,15030.0
24,Nicaragua,1970.0,21.0,0.0,2812.0
25,Hungary,1970.0,651.0,136.0,5028.0
26,Nigeria,1970.0,33.0,1.0,1094.0
27,Algeria,1970.0,6.0,0.0,2249.0
28,Kuwait,1970.0,19.0,0.0,30695.0
29,Bahrain,1970.0,0.0,0.0,3788.0
30,Pakistan,1970.0,42.0,31.0,952.0
31,Iraq,1970.0,0.0,0.0,3473.0
32,Syria,1970.0,5.0,0.0,3540.0
33,Qatar,1970.0,0.0,0.0,32573.0
34,Malaysia,1970.0,61.0,0.0,2079.0
35,Germany,1970.0,1887.0,522.0,10839.0
36,Canada,1970.0,811.0,31.0,12050.0
37,Ireland,1970.0,141.0,0.0,6199.0
38,Australia,1970.0,524.0,42.0,12024.0
39,South Africa,1970.0,0.0,0.0,4045.0
40,Tanzania,1970.0,20.0,0.0,568.0
41,Jordan,1970.0,0.0,0.0,2395.0
42,Tunisia,1970.0,48.0,1.0,1827.0
43,Libya,1970.0,0.0,0.0,9115.0
44,Belgium,1970.0,250.0,11.0,10611.0
45,Kazakhstan,1970.0,0.0,0.0,5575.0
46,Brunei,1970.0,0.0,0.0,2082.0
47,India,1970.0,66.0,14.0,868.0
48,Saudi Arabia,1970.0,33.0,0.0,7624.0
49,Maldives,1970.0,0.0,0.0,2082.0
50,Ethiopia,1970.0,40.0,2.0,595.0
51,United Arab Emirates,1970.0,0.0,0.0,24552.0
52,Yemen,1970.0,0.0,0.0,1230.0
53,Indonesia,1970.0,13.0,0.0,1181.0
54,Philippines,1970.0,88.0,0.0,1764.0
55,Kyrgyzstan,1970.0,0.0,0.0,5575.0
56,Tajikistan,1970.0,0.0,0.0,5575.0
57,Japan,1970.0,604.0,97.0,9714.0
58,Congo,1970.0,7.0,0.0,1696.0
59,Switzerland,1970.0,362.0,18.0,16904.0
60,Brazil,1970.0,191.0,5.0,3057.0
61,Israel,1970.0,48.0,0.0,8101.0
62,Uruguay,1970.0,25.0,0.0,5184.0
63,Sweden,1970.0,347.0,32.0,13011.0
64,Sri Lanka,1970.0,6.0,0.0,1499.0
65,Armenia,1970.0,0.0,0.0,5575.0
66,Ivory Coast,1970.0,16.0,0.0,1808.0
67,Kenya,1970.0,66.0,12.0,915.0
68,Benin,1970.0,2.0,0.0,1027.0
69,United Kingdom,1970.0,757.0,58.0,10767.0
70,Ghana,1970.0,37.0,1.0,1424.0
71,Niger,1970.0,0.0,0.0,839.0
72,Mali,1970.0,3.0,0.0,586.0
73,Afghanistan,1970.0,3.0,0.0,709.0
74,Poland,1970.0,704.0,119.0,4428.0
75,Costa Rica,1970.0,14.0,0.0,3754.0
76,Panama,1970.0,14.0,0.0,3814.0
77,Slovenia,1970.0,0.0,0.0,6567.3008
78,Guyana,1970.0,4.0,0.0,4948.0
79,New Zealand,1970.0,157.0,37.0,11189.0
80,Portugal,1970.0,57.0,2.0,5473.0
81,Paraguay,1970.0,5.0,0.0,1872.0
82,Angola,1970.0,0.0,0.0,1768.0
83,Venezuela,1970.0,74.0,1.0,10672.0
84,Colombia,1970.0,115.0,3.0,3094.0
85,Bangladesh,1970.0,0.0,0.0,630.0
86,Peru,1970.0,42.0,0.0,3854.0
87,El Salvador,1970.0,8.0,0.0,2187.0
88,Uganda,1970.0,35.0,2.0,867.0
89,Honduras,1970.0,3.0,0.0,1556.0
90,Ecuador,1970.0,11.0,0.0,2845.0
91,Mauritius,1970.0,0.0,0.0,2945.0
92,Czechia,1970.0,525.0,44.0,6449.6768
93,Luxembourg,1970.0,12.0,0.0,7399.0
94,Mauritania,1970.0,0.0,0.0,1059.0
95,Trinidad and Tobago,1970.0,54.0,1.0,8244.0
96,Dominican Rep.,1970.0,16.0,0.0,1561.0
97,Jamaica,1970.0,87.0,3.0,3849.0
98,Liberia,1970.0,5.0,0.0,1492.0
99,Nepal,1970.0,1.0,0.0,653.0
100,Mongolia,1970.0,73.0,2.0,787.0
101,Austria,1970.0,215.0,4.0,9747.0
102,Lithuania,1970.0,0.0,0.0,5575.0
103,Togo,1970.0,6.0,0.0,1075.0
104,Namibia,1970.0,0.0,0.0,3321.0
105,Ukraine,1970.0,0.0,0.0,5575.0
106,Iceland,1970.0,31.0,0.0,7399.0
107,Rwanda,1970.0,0.0,0.0,717.0
108,Croatia,1970.0,0.0,0.0,4315.0
109,Haiti,1970.0,21.0,0.0,919.0
110,Malta,1970.0,3.0,0.0,7399.0
111,Cyprus,1970.0,0.0,0.0,7399.0
112,Belize,1970.0,5.0,0.0,4948.0
113,Thailand,1970.0,94.0,1.0,1694.0
114,Serbia,1970.0,302.0,37.0,4315.0
115,Sierra Leone,1970.0,0.0,0.0,1129.0
116,Papua New Guinea,1970.0,9.0,0.0,2082.0
117,Fiji,1970.0,6.0,0.0,2082.0
118,Moldova,1970.0,0.0,0.0,5575.0
119,Guatemala,1970.0,39.0,0.0,2919.0
120,Latvia,1970.0,0.0,0.0,5575.0
121,Mozambique,1970.0,0.0,0.0,1743.0
122,Central African Rep.,1970.0,0.0,0.0,891.0
123,Madagascar,1970.0,13.0,0.0,1226.0
124,Slovakia,1970.0,0.0,0.0,6221.2666
125,Barbados,1970.0,30.0,0.0,4948.0
126,Dem. Rep. Congo,1970.0,0.0,0.0,768.0
127,Gabon,1970.0,1.0,0.0,5869.0
128,Botswana,1970.0,0.0,0.0,647.0
129,South Korea,1970.0,94.0,18.0,2167.0
130,Cambodia,1970.0,17.0,0.0,647.0
131,Senegal,1970.0,60.0,0.0,1435.0
132,Bolivia,1970.0,19.0,0.0,2176.0
133,Zimbabwe,1970.0,0.0,0.0,1282.0
134,Myanmar,1970.0,19.0,0.0,642.0
135,Malawi,1970.0,16.0,0.0,447.0
136,Zambia,1970.0,12.0,0.0,1073.0
137,Gambia,1970.0,0.0,0.0,879.0
138,Albania,1970.0,0.0,0.0,2004.0
139,eSwatini,1970.0,4.0,0.0,2036.0
140,Burkina Faso,1970.0,1.0,0.0,745.0
141,Burundi,1970.0,0.0,0.0,540.0
142,Vietnam,1970.0,1.0,0.0,735.0
143,Tonga,1970.0,0.0,0.0,2082.0
144,Lesotho,1970.0,2.0,0.0,604.0
145,China,1920.0,0.0,0.0,556.375
146,Denmark,1920.0,1.0,0.0,3992.0
147,Netherlands,1920.0,19.0,3.0,4220.0
148,Finland,1920.0,227.0,88.0,1846.0
149,Norway,1920.0,37.0,4.0,2739.0
150,Romania,1920.0,0.0,0.0,1480.9231
151,Estonia,1920.0,43.0,6.0,1432.9333
152,France,1920.0,172.0,61.0,3227.0
153,Morocco,1920.0,0.0,0.0,850.94592
154,Spain,1920.0,10.0,2.0,2177.0
155,Egypt,1920.0,1.0,0.0,903.51349
156,Iran,1920.0,0.0,0.0,1136.2162
157,Bulgaria,1920.0,3.0,0.0,1136.2727
158,Italy,1920.0,38.0,13.0,2587.0
159,Sudan,1920.0,0.0,0.0,682.62964
160,Russia,1920.0,0.0,0.0,1432.9333
161,Argentina,1920.0,24.0,9.0,3473.0
162,Cuba,1920.0,1.0,0.0,1300.9375
163,Greece,1920.0,10.0,0.0,1433.0
164,Cameroon,1920.0,0.0,0.0,682.62964
165,Turkey,1920.0,0.0,0.0,862.29999
166,Chile,1920.0,9.0,1.0,2768.0
167,Mexico,1920.0,1.0,0.0,1823.0
168,United States of America,1920.0,379.0,165.0,5552.0
169,Nicaragua,1920.0,0.0,0.0,1264.0
170,Hungary,1920.0,10.0,2.0,1709.0
171,Nigeria,1920.0,0.0,0.0,682.62964
172,Algeria,1920.0,0.0,0.0,1201.2162
173,Kuwait,1920.0,0.0,0.0,6308.2705
174,Bahrain,1920.0,0.0,0.0,1242.9189
175,Pakistan,1920.0,0.0,0.0,671.37836
176,Iraq,1920.0,0.0,0.0,1068.8649
177,Syria,1920.0,0.0,0.0,1550.3513
178,Qatar,1920.0,0.0,0.0,6593.7568
179,Malaysia,1920.0,0.0,0.0,1110.0
180,Germany,1920.0,60.0,17.0,2796.0
181,Canada,1920.0,50.0,25.0,3861.0
182,Ireland,1920.0,1.0,1.0,2558.375
183,Australia,1920.0,24.0,6.0,4766.0
184,South Africa,1920.0,21.0,6.0,1778.5135
185,Tanzania,1920.0,0.0,0.0,682.62964
186,Jordan,1920.0,0.0,0.0,1125.4324
187,Tunisia,1920.0,0.0,0.0,926.89191
188,Libya,1920.0,0.0,0.0,852.27448
189,Belgium,1920.0,27.0,7.0,3962.0
190,Kazakhstan,1920.0,0.0,0.0,1432.9333
191,Brunei,1920.0,0.0,0.0,871.75677
192,India,1920.0,0.0,0.0,635.0
193,Saudi Arabia,1920.0,0.0,0.0,1266.9459
194,Maldives,1920.0,0.0,0.0,871.75677
195,Ethiopia,1920.0,0.0,0.0,682.62964
196,United Arab Emirates,1920.0,0.0,0.0,3833.6758
197,Yemen,1920.0,0.0,0.0,1017.2162
198,Indonesia,1920.0,0.0,0.0,923.0
199,Philippines,1920.0,1.0,1.0,1289.0
200,Kyrgyzstan,1920.0,0.0,0.0,1432.9333
201,Tajikistan,1920.0,0.0,0.0,1432.9333
202,Japan,1920.0,20.0,4.0,1696.0
203,Congo,1920.0,0.0,0.0,682.62964
204,Switzerland,1920.0,9.0,2.0,4314.0
205,Brazil,1920.0,2.0,0.0,963.0
206,Israel,1920.0,0.0,0.0,1377.8108
207,Uruguay,1920.0,14.0,14.0,2674.0
208,Sweden,1920.0,121.0,33.0,3111.0
209,Sri Lanka,1920.0,0.0,0.0,1092.0
210,Armenia,1920.0,0.0,0.0,1432.9333
211,Ivory Coast,1920.0,0.0,0.0,682.62964
212,Kenya,1920.0,0.0,0.0,682.62964
213,Benin,1920.0,0.0,0.0,682.62964
214,United Kingdom,1920.0,82.0,24.0,4548.0
215,Ghana,1920.0,0.0,0.0,845.51349
216,Niger,1920.0,0.0,0.0,682.62964
217,Mali,1920.0,0.0,0.0,682.62964
218,Afghanistan,1920.0,0.0,0.0,731.75677
219,Poland,1920.0,101.0,17.0,1904.375
220,Costa Rica,1920.0,0.0,0.0,1624.0
221,Panama,1920.0,0.0,0.0,1273.1563
222,Slovenia,1920.0,0.0,0.0,1872.5027
223,Guyana,1920.0,0.0,0.0,1431.1082
224,New Zealand,1920.0,6.0,2.0,5641.0
225,Portugal,1920.0,1.0,0.0,1229.0
226,Paraguay,1920.0,0.0,0.0,1268.4615
227,Angola,1920.0,0.0,0.0,682.62964
228,Venezuela,1920.0,0.0,0.0,1173.0
229,Colombia,1920.0,0.0,0.0,1255.0
230,Bangladesh,1920.0,0.0,0.0,651.89191
231,Peru,1920.0,0.0,0.0,1226.0
232,El Salvador,1920.0,0.0,0.0,932.0
233,Uganda,1920.0,0.0,0.0,682.62964
234,Honduras,1920.0,0.0,0.0,1274.0
235,Ecuador,1920.0,0.0,0.0,1108.8077
236,Mauritius,1920.0,0.0,0.0,682.62964
237,Czechia,1920.0,35.0,1.0,2391.1492
238,Luxembourg,1920.0,16.0,0.0,2536.0
239,Mauritania,1920.0,0.0,0.0,682.62964
240,Trinidad and Tobago,1920.0,0.0,0.0,1536.7028
241,Dominican Rep.,1920.0,0.0,0.0,1035.9189
242,Jamaica,1920.0,0.0,0.0,709.91998
243,Liberia,1920.0,0.0,0.0,682.62964
244,Nepal,1920.0,0.0,0.0,530.86487
245,Mongolia,1920.0,0.0,0.0,692.02704
246,Austria,1920.0,1.0,0.0,2412.0
247,Lithuania,1920.0,0.0,0.0,1432.9333
248,Togo,1920.0,0.0,0.0,682.62964
249,Namibia,1920.0,0.0,0.0,682.62964
250,Ukraine,1920.0,0.0,0.0,1432.9333
251,Iceland,1920.0,0.0,0.0,2536.0
252,Rwanda,1920.0,0.0,0.0,682.62964
253,Croatia,1920.0,0.0,0.0,1803.0625
254,Haiti,1920.0,7.0,1.0,1039.5313
255,Malta,1920.0,0.0,0.0,2536.0
256,Cyprus,1920.0,0.0,0.0,2536.0
257,Belize,1920.0,0.0,0.0,1431.1082
258,Thailand,1920.0,0.0,0.0,820.0
259,Serbia,1920.0,7.0,0.0,1803.0625
260,Sierra Leone,1920.0,0.0,0.0,682.62964
261,Papua New Guinea,1920.0,0.0,0.0,871.75677
262,Fiji,1920.0,0.0,0.0,871.75677
263,Moldova,1920.0,0.0,0.0,1432.9333
264,Guatemala,1920.0,0.0,0.0,1272.0
265,Latvia,1920.0,0.0,0.0,1432.9333
266,Mozambique,1920.0,0.0,0.0,682.62964
267,Central African Rep.,1920.0,0.0,0.0,682.62964
268,Madagascar,1920.0,0.0,0.0,682.62964
269,Slovakia,1920.0,0.0,0.0,2745.042
270,Barbados,1920.0,0.0,0.0,1431.1082
271,Dem. Rep. Congo,1920.0,0.0,0.0,682.62964
272,Gabon,1920.0,0.0,0.0,682.62964
273,Botswana,1920.0,0.0,0.0,682.62964
274,South Korea,1920.0,0.0,0.0,1092.0
275,Cambodia,1920.0,0.0,0.0,700.91895
276,Senegal,1920.0,0.0,0.0,682.62964
277,Bolivia,1920.0,0.0,0.0,1180.625
278,Zimbabwe,1920.0,0.0,0.0,682.62964
279,Myanmar,1920.0,0.0,0.0,733.40002
280,Malawi,1920.0,0.0,0.0,682.62964
281,Zambia,1920.0,0.0,0.0,682.62964
282,Gambia,1920.0,0.0,0.0,682.62964
283,Albania,1920.0,0.0,0.0,861.3125
284,eSwatini,1920.0,0.0,0.0,682.62964
285,Burkina Faso,1920.0,0.0,0.0,682.62964
286,Burundi,1920.0,0.0,0.0,682.62964
287,Vietnam,1920.0,0.0,0.0,713.94592
288,Tonga,1920.0,0.0,0.0,871.75677
289,Lesotho,1920.0,0.0,0.0,682.62964
290,China,1990.0,868.0,186.0,1526.4088
291,Denmark,1990.0,166.0,22.0,33843.961
292,Netherlands,1990.0,471.0,95.0,32090.211
293,Finland,1990.0,234.0,11.0,28905.57
294,Norway,1990.0,225.0,41.0,42829.637
295,Romania,1990.0,352.0,66.0,11479.688
296,Estonia,1990.0,98.0,3.0,10820.0
297,France,1990.0,939.0,108.0,29527.975
298,Morocco,1990.0,49.0,5.0,3901.0374
299,Spain,1990.0,721.0,108.0,23758.762
300,Egypt,1990.0,51.0,0.0,6014.3013
301,Iran,1990.0,51.0,6.0,10173.677
302,Bulgaria,1990.0,401.0,38.0,9296.9297
303,Italy,1990.0,796.0,113.0,31141.902
304,Sudan,1990.0,6.0,0.0,1753.2607
305,Russia,1990.0,1041.0,285.0,20639.0
306,Argentina,1990.0,195.0,22.0,10833.503
307,Cuba,1990.0,329.0,118.0,13694.412
308,Greece,1990.0,223.0,10.0,20686.137
309,Cameroon,1990.0,28.0,0.0,2768.3225
310,Turkey,1990.0,74.0,11.0,10953.985
311,Chile,1990.0,30.0,0.0,9244.1592
312,Mexico,1990.0,186.0,2.0,12547.493
313,United States of America,1990.0,1470.0,464.0,37062.129
314,Nicaragua,1990.0,8.0,0.0,3019.9026
315,Hungary,1990.0,660.0,87.0,6459.0
316,Nigeria,1990.0,108.0,33.0,3030.4602
317,Algeria,1990.0,51.0,5.0,10238.884
318,Kuwait,1990.0,21.0,0.0,6121.0
319,Bahrain,1990.0,14.0,0.0,35112.555
320,Pakistan,1990.0,28.0,7.0,3056.9683
321,Iraq,1990.0,3.0,0.0,11515.501
322,Syria,1990.0,10.0,1.0,5701.0
323,Qatar,1990.0,25.0,1.0,7343.0
324,Malaysia,1990.0,47.0,5.0,10451.483
325,Germany,1990.0,1275.0,320.0,31287.07
326,Canada,1990.0,841.0,94.0,31299.654
327,Ireland,1990.0,126.0,6.0,22116.979
328,Australia,1990.0,818.0,182.0,28572.076
329,South Africa,1990.0,144.0,7.0,9903.8574
330,Tanzania,1990.0,15.0,0.0,1472.6644
331,Jordan,1990.0,5.0,0.0,6661.4453
332,Tunisia,1990.0,42.0,0.0,5614.9385
333,Libya,1990.0,6.0,0.0,3087.0
334,Belgium,1990.0,174.0,9.0,30701.26
335,Kazakhstan,1990.0,107.0,9.0,13050.486
336,Brunei,1990.0,1.0,0.0,85280.727
337,India,1990.0,52.0,1.0,1773.123
338,Saudi Arabia,1990.0,28.0,0.0,35342.617
339,Maldives,1990.0,13.0,0.0,2543.0
340,Ethiopia,1990.0,34.0,6.0,652.35223
341,United Arab Emirates,1990.0,23.0,0.0,114518.83
342,Yemen,1990.0,6.0,0.0,3353.7893
343,Indonesia,1990.0,57.0,9.0,4477.3101
344,Philippines,1990.0,35.0,2.0,4010.2034
345,Kyrgyzstan,1990.0,34.0,0.0,3474.668
346,Tajikistan,1990.0,3.0,0.0,3635.3386
347,Japan,1990.0,840.0,89.0,30447.258
348,Congo,1990.0,11.0,0.0,5256.7109
349,Switzerland,1990.0,337.0,12.0,47768.352
350,Brazil,1990.0,419.0,75.0,10245.831
351,Israel,1990.0,41.0,1.0,19760.158
352,Uruguay,1990.0,16.0,0.0,9840.7266
353,Sweden,1990.0,414.0,65.0,30933.633
354,Sri Lanka,1990.0,25.0,0.0,3665.5803
355,Armenia,1990.0,30.0,2.0,3735.5432
356,Ivory Coast,1990.0,25.0,0.0,3220.4946
357,Kenya,1990.0,95.0,16.0,2375.9709
358,Benin,1990.0,12.0,0.0,1456.0166
359,United Kingdom,1990.0,894.0,76.0,26769.357
360,Ghana,1990.0,53.0,3.0,1919.5967
361,Niger,1990.0,0.0,0.0,905.66425
362,Mali,1990.0,5.0,0.0,1269.2621
363,Afghanistan,1990.0,0.0,0.0,604.0
364,Poland,1990.0,470.0,68.0,10276.569
365,Costa Rica,1990.0,18.0,1.0,7787.1641
366,Panama,1990.0,7.0,0.0,7815.6792
367,Slovenia,1990.0,71.0,7.0,10859.729
368,Guyana,1990.0,16.0,0.0,2928.071
369,New Zealand,1990.0,169.0,17.0,24288.688
370,Portugal,1990.0,224.0,3.0,20166.928
371,Paraguay,1990.0,20.0,0.0,6036.4756
372,Angola,1990.0,50.0,0.0,4806.4302
373,Venezuela,1990.0,50.0,0.0,14450.682
374,Colombia,1990.0,80.0,1.0,7533.519
375,Bangladesh,1990.0,9.0,0.0,1290.431
376,Peru,1990.0,30.0,1.0,5312.6846
377,El Salvador,1990.0,7.0,0.0,4532.2866
378,Uganda,1990.0,11.0,1.0,783.10931
379,Honduras,1990.0,18.0,0.0,3205.2842
380,Ecuador,1990.0,32.0,1.0,7472.0293
381,Mauritius,1990.0,26.0,0.0,7386.8242
382,Czechia,1990.0,423.0,21.0,19965.246
383,Luxembourg,1990.0,9.0,0.0,54263.676
384,Mauritania,1990.0,9.0,0.0,2815.7144
385,Trinidad and Tobago,1990.0,26.0,2.0,12255.374
386,Dominican Rep.,1990.0,14.0,0.0,5267.103
387,Jamaica,1990.0,112.0,20.0,7403.5703
388,Liberia,1990.0,7.0,0.0,872.84021
389,Nepal,1990.0,3.0,0.0,1198.4412
390,Mongolia,1990.0,36.0,3.0,5122.5317
391,Austria,1990.0,213.0,9.0,31265.287
392,Lithuania,1990.0,118.0,24.0,8663.0
393,Togo,1990.0,14.0,0.0,1350.1326
394,Namibia,1990.0,15.0,4.0,5716.2314
395,Ukraine,1990.0,243.0,30.0,10463.96
396,Iceland,1990.0,28.0,0.0,28627.467
397,Rwanda,1990.0,5.0,0.0,850.36633
398,Croatia,1990.0,126.0,34.0,7351.0
399,Haiti,1990.0,6.0,0.0,1005.0
400,Malta,1990.0,12.0,0.0,16179.616
401,Cyprus,1990.0,30.0,0.0,23300.775
402,Belize,1990.0,21.0,0.0,5168.2886
403,Thailand,1990.0,105.0,3.0,6650.6929
404,Serbia,1990.0,65.0,23.0,5011.0
405,Sierra Leone,1990.0,32.0,0.0,1371.7889
406,Papua New Guinea,1990.0,33.0,0.0,1606.7197
407,Fiji,1990.0,46.0,0.0,5891.3062
408,Moldova,1990.0,39.0,3.0,6170.0
409,Guatemala,1990.0,20.0,0.0,5159.4004
410,Latvia,1990.0,90.0,4.0,9916.0
411,Mozambique,1990.0,6.0,1.0,375.01495
412,Central African Rep.,1990.0,10.0,0.0,932.87671
413,Madagascar,1990.0,24.0,0.0,1660.7263
414,Slovakia,1990.0,95.0,3.0,7763.0591
415,Barbados,1990.0,35.0,0.0,13298.485
416,Dem. Rep. Congo,1990.0,22.0,0.0,1267.7064
417,Gabon,1990.0,11.0,0.0,19499.553
418,Botswana,1990.0,12.0,0.0,8099.2607
419,South Korea,1990.0,392.0,53.0,12086.763
420,Cambodia,1990.0,4.0,0.0,881.0
421,Senegal,1990.0,21.0,0.0,1852.1453
422,Bolivia,1990.0,16.0,0.0,3707.3044
423,Zimbabwe,1990.0,31.0,0.0,2526.0723
424,Myanmar,1990.0,6.0,0.0,718.54449
425,Malawi,1990.0,4.0,0.0,746.45563
426,Zambia,1990.0,13.0,1.0,2308.6038
427,Gambia,1990.0,13.0,0.0,1516.9594
428,Albania,1990.0,10.0,0.0,4557.4082
429,eSwatini,1990.0,13.0,0.0,5518.5972
430,Burkina Faso,1990.0,8.0,0.0,844.34253
431,Burundi,1990.0,7.0,1.0,1049.1814
432,Vietnam,1990.0,9.0,0.0,1501.1389
433,Tonga,1990.0,8.0,1.0,3574.2332
434,Lesotho,1990.0,13.0,0.0,1365.1836
435,China,1960.0,79.0,0.0,662.0
436,Denmark,1960.0,269.0,52.0,8812.0
437,Netherlands,1960.0,458.0,48.0,8287.0
438,Finland,1960.0,496.0,15.0,6230.0
439,Norway,1960.0,177.0,8.0,7204.0
440,Romania,1960.0,488.0,54.0,1844.0
441,Estonia,1960.0,0.0,0.0,3945.0
442,France,1960.0,875.0,70.0,7398.0
443,Morocco,1960.0,61.0,1.0,1329.0
444,Spain,1960.0,345.0,14.0,3072.0
445,Egypt,1960.0,27.0,0.0,991.0
446,Iran,1960.0,133.0,11.0,2156.0
447,Bulgaria,1960.0,479.0,42.0,2912.0
448,Italy,1960.0,893.0,160.0,5916.0
449,Sudan,1960.0,8.0,0.0,1024.0
450,Russia,1960.0,1347.0,535.0,3945.0
451,Argentina,1960.0,392.0,7.0,5559.0
452,Cuba,1960.0,323.0,11.0,2052.0
453,Greece,1960.0,103.0,4.0,3146.0
454,Cameroon,1960.0,7.0,1.0,832.0
455,Turkey,1960.0,78.0,14.0,2247.0
456,Chile,1960.0,46.0,0.0,4270.0
457,Mexico,1960.0,680.0,11.0,3155.0
458,United States of America,1960.0,1449.0,460.0,11328.0
459,Nicaragua,1960.0,16.0,0.0,1983.0
460,Hungary,1960.0,933.0,202.0,3649.0
461,Nigeria,1960.0,79.0,1.0,820.0
462,Algeria,1960.0,16.0,0.0,2088.0
463,Kuwait,1960.0,0.0,0.0,28813.0
464,Bahrain,1960.0,0.0,0.0,2843.0
465,Pakistan,1960.0,112.0,43.0,647.0
466,Iraq,1960.0,30.0,0.0,2735.0
467,Syria,1960.0,1.0,0.0,3023.0
468,Qatar,1960.0,0.0,0.0,32810.0
469,Malaysia,1960.0,112.0,0.0,1530.0
470,Germany,1960.0,1681.0,308.0,7705.0
471,Canada,1960.0,609.0,24.0,8753.0
472,Ireland,1960.0,154.0,1.0,4282.0
473,Australia,1960.0,844.0,130.0,8791.0
474,South Africa,1960.0,70.0,3.0,3041.0
475,Tanzania,1960.0,7.0,0.0,459.0
476,Jordan,1960.0,0.0,0.0,2330.0
477,Tunisia,1960.0,74.0,4.0,1343.0
478,Libya,1960.0,0.0,0.0,1830.0
479,Belgium,1960.0,327.0,10.0,6952.0
480,Kazakhstan,1960.0,0.0,0.0,3945.0
481,Brunei,1960.0,0.0,0.0,1632.0
482,India,1960.0,126.0,44.0,753.0
483,Saudi Arabia,1960.0,0.0,0.0,3719.0
484,Maldives,1960.0,0.0,0.0,1632.0
485,Ethiopia,1960.0,60.0,4.0,440.0
486,United Arab Emirates,1960.0,0.0,0.0,22433.0
487,Yemen,1960.0,0.0,0.0,964.0
488,Indonesia,1960.0,28.0,0.0,1012.0
489,Philippines,1960.0,205.0,1.0,1476.0
490,Kyrgyzstan,1960.0,0.0,0.0,3945.0
491,Tajikistan,1960.0,0.0,0.0,3945.0
492,Japan,1960.0,1023.0,156.0,3986.0
493,Congo,1960.0,2.0,0.0,1416.0
494,Switzerland,1960.0,498.0,30.0,12457.0
495,Brazil,1960.0,142.0,24.0,2335.0
496,Israel,1960.0,93.0,0.0,4663.0
497,Uruguay,1960.0,115.0,1.0,4960.0
498,Sweden,1960.0,600.0,31.0,8792.0
499,Sri Lanka,1960.0,15.0,0.0,1295.0
500,Armenia,1960.0,0.0,0.0,3945.0
501,Ivory Coast,1960.0,17.0,0.0,1256.0
502,Kenya,1960.0,104.0,10.0,726.0
503,Benin,1960.0,0.0,0.0,978.0
504,United Kingdom,1960.0,1002.0,74.0,8645.0
505,Ghana,1960.0,86.0,2.0,1378.0
506,Niger,1960.0,0.0,0.0,761.0
507,Mali,1960.0,4.0,0.0,534.0
508,Afghanistan,1960.0,23.0,0.0,739.0
509,Poland,1960.0,843.0,113.0,3215.0
510,Costa Rica,1960.0,28.0,0.0,2715.0
511,Panama,1960.0,39.0,0.0,2391.0
512,Slovenia,1960.0,0.0,0.0,3626.9761
513,Guyana,1960.0,11.0,0.0,3478.0
514,New Zealand,1960.0,192.0,16.0,9465.0
515,Portugal,1960.0,164.0,2.0,2956.0
516,Paraguay,1960.0,0.0,0.0,1555.0
517,Angola,1960.0,0.0,0.0,1253.0
518,Venezuela,1960.0,106.0,2.0,9646.0
519,Colombia,1960.0,124.0,0.0,2497.0
520,Bangladesh,1960.0,0.0,0.0,545.0
521,Peru,1960.0,106.0,0.0,2969.0
522,El Salvador,1960.0,86.0,0.0,1764.0
523,Uganda,1960.0,49.0,2.0,713.0
524,Honduras,1960.0,6.0,0.0,1398.0
525,Ecuador,1960.0,41.0,0.0,2289.0
526,Mauritius,1960.0,0.0,0.0,2777.0
527,Czechia,1960.0,592.0,105.0,4102.689
528,Luxembourg,1960.0,151.0,0.0,4988.0
529,Mauritania,1960.0,0.0,0.0,625.0
530,Trinidad and Tobago,1960.0,43.0,6.0,6251.0
531,Dominican Rep.,1960.0,25.0,0.0,1302.0
532,Jamaica,1960.0,65.0,1.0,2654.0
533,Liberia,1960.0,5.0,0.0,1230.0
534,Nepal,1960.0,2.0,0.0,607.0
535,Mongolia,1960.0,76.0,4.0,586.0
536,Austria,1960.0,267.0,8.0,6519.0
537,Lithuania,1960.0,0.0,0.0,3945.0
538,Togo,1960.0,0.0,0.0,698.0
539,Namibia,1960.0,0.0,0.0,2616.0
540,Ukraine,1960.0,0.0,0.0,3945.0
541,Iceland,1960.0,29.0,0.0,4988.0
542,Rwanda,1960.0,0.0,0.0,656.0
543,Croatia,1960.0,0.0,0.0,3070.0
544,Haiti,1960.0,0.0,0.0,1062.0
545,Malta,1960.0,14.0,0.0,4988.0
546,Cyprus,1960.0,0.0,0.0,4988.0
547,Belize,1960.0,7.0,0.0,3478.0
548,Thailand,1960.0,134.0,0.0,1078.0
549,Serbia,1960.0,437.0,61.0,3070.0
550,Sierra Leone,1960.0,4.0,0.0,856.0
551,Papua New Guinea,1960.0,0.0,0.0,1632.0
552,Fiji,1960.0,3.0,0.0,1632.0
553,Moldova,1960.0,0.0,0.0,3945.0
554,Guatemala,1960.0,65.0,0.0,2193.0
555,Latvia,1960.0,0.0,0.0,3945.0
556,Mozambique,1960.0,0.0,0.0,1327.0
557,Central African Rep.,1960.0,0.0,0.0,925.0
558,Madagascar,1960.0,10.0,0.0,1125.0
559,Slovakia,1960.0,0.0,0.0,4420.1499
560,Barbados,1960.0,13.0,0.0,3478.0
561,Dem. Rep. Congo,1960.0,8.0,0.0,748.0
562,Gabon,1960.0,0.0,0.0,4184.0
563,Botswana,1960.0,0.0,0.0,403.0
564,South Korea,1960.0,351.0,5.0,1226.0
565,Cambodia,1960.0,8.0,0.0,671.0
566,Senegal,1960.0,31.0,0.0,1445.0
567,Bolivia,1960.0,5.0,0.0,1606.0
568,Zimbabwe,1960.0,55.0,0.0,938.0
569,Myanmar,1960.0,25.0,0.0,564.0
570,Malawi,1960.0,0.0,0.0,394.0
571,Zambia,1960.0,19.0,0.0,960.0
572,Gambia,1960.0,0.0,0.0,722.0
573,Albania,1960.0,0.0,0.0,1451.0
574,eSwatini,1960.0,0.0,0.0,935.0
575,Burkina Faso,1960.0,0.0,0.0,609.0
576,Burundi,1960.0,0.0,0.0,444.0
577,Vietnam,1960.0,35.0,0.0,799.0
578,Tonga,1960.0,0.0,0.0,1632.0
579,Lesotho,1960.0,0.0,0.0,458.0
580,China,2000.0,1792.0,359.0,3700.7439
581,Denmark,2000.0,347.0,73.0,42430.0
582,Netherlands,2000.0,832.0,217.0,41721.695
583,Finland,2000.0,225.0,12.0,34887.18
584,Norway,2000.0,265.0,65.0,58066.586
585,Romania,2000.0,617.0,107.0,10523.418
586,Estonia,2000.0,139.0,9.0,15703.029
587,France,2000.0,1377.0,196.0,34896.387
588,Morocco,2000.0,147.0,10.0,4469.6426
589,Spain,2000.0,1209.0,142.0,29967.166
590,Egypt,2000.0,289.0,6.0,7556.71
591,Iran,2000.0,126.0,12.0,11904.672
592,Bulgaria,2000.0,356.0,35.0,8958.0889
593,Italy,2000.0,1386.0,211.0,36535.82
594,Sudan,2000.0,15.0,1.0,2232.6384
595,Russia,2000.0,1789.0,517.0,14050.852
596,Argentina,2000.0,488.0,120.0,14924.374
597,Cuba,2000.0,618.0,173.0,11289.782
598,Greece,2000.0,849.0,56.0,24839.076
599,Cameroon,2000.0,83.0,16.0,2403.8638
600,Turkey,2000.0,212.0,23.0,13357.624
601,Chile,2000.0,115.0,21.0,14887.898
602,Mexico,2000.0,338.0,14.0,14856.116
603,United States of America,2000.0,2238.0,819.0,45986.051
604,Nicaragua,2000.0,16.0,0.0,3474.9358
605,Hungary,2000.0,711.0,120.0,17855.043
606,Nigeria,2000.0,262.0,39.0,2835.9883
607,Algeria,2000.0,176.0,7.0,10211.104
608,Kuwait,2000.0,48.0,1.0,74314.797
609,Bahrain,2000.0,25.0,0.0,44791.52
610,Pakistan,2000.0,74.0,0.0,3501.8079
611,Iraq,2000.0,32.0,0.0,12171.991
612,Syria,2000.0,21.0,1.0,7368.0
613,Qatar,2000.0,53.0,1.0,108107.42
614,Malaysia,2000.0,131.0,1.0,16146.235
615,Germany,2000.0,1715.0,365.0,36764.563
616,Canada,2000.0,1261.0,83.0,37431.918
617,Ireland,2000.0,191.0,4.0,40815.02
618,Australia,2000.0,1957.0,489.0,35244.504
619,South Africa,2000.0,468.0,16.0,9717.6484
620,Tanzania,2000.0,21.0,0.0,1489.6544
621,Jordan,2000.0,22.0,0.0,7742.4902
622,Tunisia,2000.0,138.0,1.0,7573.9331
623,Libya,2000.0,14.0,0.0,21997.482
624,Belgium,2000.0,276.0,15.0,37253.473
625,Kazakhstan,2000.0,434.0,28.0,9951.5635
626,Brunei,2000.0,2.0,0.0,82716.547
627,India,2000.0,211.0,5.0,2521.3435
628,Saudi Arabia,2000.0,56.0,2.0,35342.168
629,Maldives,2000.0,12.0,0.0,3050.0
630,Ethiopia,2000.0,83.0,22.0,619.11432
631,United Arab Emirates,2000.0,18.0,1.0,107206.46
632,Yemen,2000.0,12.0,0.0,3911.2197
633,Indonesia,2000.0,119.0,20.0,5805.8086
634,Philippines,2000.0,57.0,0.0,4227.3286
635,Kyrgyzstan,2000.0,124.0,3.0,2074.5054
636,Tajikistan,2000.0,29.0,2.0,1185.6007
637,Japan,2000.0,1230.0,188.0,33871.844
638,Congo,2000.0,11.0,0.0,4647.9531
639,Switzerland,2000.0,392.0,32.0,50314.074
640,Brazil,2000.0,888.0,166.0,11308.438
641,Israel,2000.0,162.0,4.0,26090.172
642,Uruguay,2000.0,48.0,1.0,12874.776
643,Sweden,2000.0,522.0,51.0,36854.867
644,Sri Lanka,2000.0,40.0,1.0,5579.6191
645,Armenia,2000.0,70.0,6.0,2918.5576
646,Ivory Coast,2000.0,44.0,0.0,2977.6953
647,Kenya,2000.0,147.0,28.0,2158.4851
648,Benin,2000.0,13.0,0.0,1646.4645
649,United Kingdom,2000.0,1194.0,192.0,32961.527
650,Ghana,2000.0,59.0,0.0,2272.71
651,Niger,2000.0,2.0,0.0,761.80487
652,Mali,2000.0,18.0,0.0,1452.4268
653,Afghanistan,2000.0,8.0,1.0,565.0
654,Poland,2000.0,776.0,56.0,14732.476
655,Costa Rica,2000.0,38.0,2.0,9878.2715
656,Panama,2000.0,17.0,1.0,10577.141
657,Slovenia,2000.0,265.0,13.0,22723.326
658,Guyana,2000.0,11.0,0.0,4580.0933
659,New Zealand,2000.0,562.0,25.0,28281.965
660,Portugal,2000.0,244.0,7.0,25999.49
661,Paraguay,2000.0,33.0,17.0,6084.7876
662,Angola,2000.0,91.0,0.0,3831.0
663,Venezuela,2000.0,242.0,3.0,14417.104
664,Colombia,2000.0,213.0,5.0,8308.2227
665,Bangladesh,2000.0,15.0,0.0,1645.7173
666,Peru,2000.0,48.0,0.0,6563.269
667,El Salvador,2000.0,33.0,0.0,6424.8872
668,Uganda,2000.0,34.0,0.0,1077.6956
669,Honduras,2000.0,39.0,0.0,3478.4346
670,Ecuador,2000.0,55.0,1.0,7387.6157
671,Mauritius,2000.0,45.0,1.0,11077.147
672,Czechia,2000.0,491.0,29.0,21137.182
673,Luxembourg,2000.0,42.0,0.0,78687.578
674,Mauritania,2000.0,6.0,0.0,2749.0632
675,Trinidad and Tobago,2000.0,86.0,9.0,18324.016
676,Dominican Rep.,2000.0,72.0,3.0,7963.7046
677,Jamaica,2000.0,189.0,49.0,8104.915
678,Liberia,2000.0,13.0,0.0,836.53955
679,Nepal,2000.0,19.0,0.0,1539.7683
680,Mongolia,2000.0,74.0,4.0,4655.0186
681,Austria,2000.0,299.0,15.0,38812.051
682,Lithuania,2000.0,225.0,25.0,12184.959
683,Togo,2000.0,10.0,1.0,1302.0422
684,Namibia,2000.0,36.0,0.0,6110.3032
685,Ukraine,2000.0,1050.0,112.0,4797.3804
686,Iceland,2000.0,94.0,15.0,33575.0
687,Rwanda,2000.0,10.0,0.0,799.55585
688,Croatia,2000.0,333.0,36.0,15745.278
689,Haiti,2000.0,19.0,0.0,1739.3921
690,Malta,2000.0,20.0,0.0,24628.711
691,Cyprus,2000.0,61.0,0.0,30085.904
692,Belize,2000.0,8.0,0.0,6964.0239
693,Thailand,2000.0,169.0,15.0,9228.21
694,Serbia,2000.0,317.0,53.0,7984.8071
695,Sierra Leone,2000.0,5.0,0.0,1025.9362
696,Papua New Guinea,2000.0,17.0,0.0,1857.3308
697,Fiji,2000.0,24.0,0.0,6673.8472
698,Moldova,2000.0,97.0,3.0,2321.0278
699,Guatemala,2000.0,50.0,0.0,6051.0205
700,Latvia,2000.0,158.0,10.0,11158.106
701,Mozambique,2000.0,12.0,1.0,555.55988
702,Central African Rep.,2000.0,8.0,0.0,825.73743
703,Madagascar,2000.0,27.0,0.0,1446.0468
704,Slovakia,2000.0,279.0,26.0,15605.196
705,Barbados,2000.0,53.0,1.0,14440.409
706,Dem. Rep. Congo,2000.0,10.0,0.0,518.49756
707,Gabon,2000.0,13.0,0.0,17776.357
708,Botswana,2000.0,32.0,0.0,10361.311
709,South Korea,2000.0,1028.0,201.0,20756.775
710,Cambodia,2000.0,12.0,0.0,1370.8307
711,Senegal,2000.0,65.0,0.0,1912.0985
712,Bolivia,2000.0,21.0,0.0,4412.3276
713,Zimbabwe,2000.0,53.0,7.0,2521.3474
714,Myanmar,2000.0,16.0,0.0,1263.297
715,Malawi,2000.0,8.0,0.0,880.11072
716,Zambia,2000.0,19.0,0.0,2092.2551
717,Gambia,2000.0,6.0,0.0,1564.2334
718,Albania,2000.0,24.0,0.0,5470.0176
719,eSwatini,2000.0,13.0,0.0,5988.4844
720,Burkina Faso,2000.0,14.0,0.0,1075.3955
721,Burundi,2000.0,16.0,0.0,713.26978
722,Vietnam,2000.0,35.0,2.0,2649.7195
723,Tonga,2000.0,11.0,0.0,4610.3877
724,Lesotho,2000.0,12.0,0.0,1780.4967
725,China,2010.0,1080.0,239.0,9525.8193
726,Denmark,2010.0,291.0,57.0,43757.738
727,Netherlands,2010.0,551.0,116.0,45524.664
728,Finland,2010.0,135.0,6.0,39848.133
729,Norway,2010.0,104.0,30.0,62268.012
730,Romania,2010.0,258.0,29.0,17818.018
731,Estonia,2010.0,85.0,6.0,22740.965
732,France,2010.0,935.0,178.0,36872.227
733,Morocco,2010.0,110.0,2.0,6496.6069
734,Spain,2010.0,700.0,107.0,32506.434
735,Egypt,2010.0,264.0,5.0,10102.101
736,Iran,2010.0,122.0,20.0,17517.434
737,Bulgaria,2010.0,133.0,9.0,15283.246
738,Italy,2010.0,769.0,138.0,36201.16
739,Sudan,2010.0,12.0,0.0,3240.8315
740,Russia,2010.0,949.0,254.0,23107.785
741,Argentina,2010.0,376.0,41.0,18794.27
742,Cuba,2010.0,229.0,25.0,18433.902
743,Greece,2010.0,214.0,10.0,28726.08
744,Cameroon,2010.0,53.0,0.0,2574.97
745,Turkey,2010.0,238.0,13.0,17076.605
746,Chile,2010.0,91.0,0.0,19357.473
747,Mexico,2010.0,254.0,28.0,15364.872
748,United States of America,2010.0,1407.0,511.0,49372.832
749,Nicaragua,2010.0,9.0,0.0,4024.2273
750,Hungary,2010.0,404.0,48.0,22277.373
751,Nigeria,2010.0,121.0,17.0,5122.8135
752,Algeria,2010.0,109.0,3.0,12898.296
753,Kuwait,2010.0,12.0,1.0,73695.133
754,Bahrain,2010.0,42.0,3.0,39912.695
755,Pakistan,2010.0,13.0,0.0,4296.6128
756,Iraq,2010.0,26.0,0.0,12674.15
757,Syria,2010.0,16.0,0.0,9227.2402
758,Qatar,2010.0,56.0,3.0,126144.72
759,Malaysia,2010.0,80.0,10.0,21101.879
760,Germany,2010.0,1045.0,253.0,40428.723
761,Canada,2010.0,757.0,124.0,40699.355
762,Ireland,2010.0,166.0,8.0,45661.469
763,Australia,2010.0,1006.0,196.0,41363.215
764,South Africa,2010.0,294.0,31.0,12028.934
765,Tanzania,2010.0,10.0,0.0,2111.1951
766,Jordan,2010.0,16.0,1.0,10441.127
767,Tunisia,2010.0,145.0,6.0,10437.089
768,Libya,2010.0,6.0,0.0,29173.607
769,Belgium,2010.0,280.0,24.0,41086.551
770,Kazakhstan,2010.0,243.0,30.0,20096.918
771,Brunei,2010.0,6.0,0.0,79602.539
772,India,2010.0,197.0,8.0,4404.5376
773,Saudi Arabia,2010.0,28.0,3.0,44246.82
774,Maldives,2010.0,8.0,0.0,10514.397
775,Ethiopia,2010.0,70.0,15.0,1075.5537
776,United Arab Emirates,2010.0,35.0,1.0,57406.738
777,Yemen,2010.0,7.0,0.0,4481.5547
778,Indonesia,2010.0,51.0,6.0,8465.2959
779,Philippines,2010.0,23.0,1.0,5638.2075
780,Kyrgyzstan,2010.0,33.0,0.0,2790.1707
781,Tajikistan,2010.0,23.0,2.0,2122.9895
782,Japan,2010.0,808.0,146.0,35749.77
783,Congo,2010.0,15.0,0.0,5595.2964
784,Switzerland,2010.0,278.0,15.0,55541.672
785,Brazil,2010.0,877.0,108.0,14405.931
786,Israel,2010.0,114.0,2.0,29599.793
787,Uruguay,2010.0,44.0,0.0,17082.41
788,Sweden,2010.0,354.0,50.0,42942.563
789,Sri Lanka,2010.0,18.0,0.0,8563.2129
790,Armenia,2010.0,65.0,7.0,6507.9146
791,Ivory Coast,2010.0,24.0,2.0,2726.2886
792,Kenya,2010.0,124.0,23.0,2538.5764
793,Benin,2010.0,10.0,0.0,1759.387
794,United Kingdom,2010.0,1150.0,266.0,36195.867
795,Ghana,2010.0,14.0,0.0,3083.8674
796,Niger,2010.0,11.0,1.0,820.65167
797,Mali,2010.0,8.0,0.0,1860.6051
798,Afghanistan,2010.0,9.0,1.0,1662.8035
799,Poland,2010.0,545.0,28.0,21770.619
800,Costa Rica,2010.0,22.0,0.0,13000.013
801,Panama,2010.0,21.0,0.0,15516.087
802,Slovenia,2010.0,148.0,9.0,28678.373
803,Guyana,2010.0,12.0,0.0,5783.0884
804,New Zealand,2010.0,416.0,62.0,32188.207
805,Portugal,2010.0,204.0,3.0,27238.461
806,Paraguay,2010.0,20.0,0.0,7289.5137
807,Angola,2010.0,61.0,0.0,6492.1768
808,Venezuela,2010.0,187.0,4.0,16563.396
809,Colombia,2010.0,272.0,16.0,10900.504
810,Bangladesh,2010.0,11.0,0.0,2451.3052
811,Peru,2010.0,50.0,0.0,9956.5576
812,El Salvador,2010.0,17.0,0.0,7452.5615
813,Uganda,2010.0,22.0,1.0,1573.4714
814,Honduras,2010.0,47.0,0.0,4336.8213
815,Ecuador,2010.0,75.0,0.0,9352.3428
816,Mauritius,2010.0,21.0,0.0,15938.419
817,Czechia,2010.0,294.0,29.0,28289.889
818,Luxembourg,2010.0,26.0,0.0,89727.039
819,Mauritania,2010.0,4.0,0.0,3333.7314
820,Trinidad and Tobago,2010.0,77.0,11.0,31261.025
821,Dominican Rep.,2010.0,63.0,3.0,11123.533
822,Jamaica,2010.0,137.0,53.0,8218.0869
823,Liberia,2010.0,3.0,0.0,697.90991
824,Nepal,2010.0,12.0,0.0,1996.8596
825,Mongolia,2010.0,76.0,7.0,7708.5801
826,Austria,2010.0,175.0,2.0,43174.977
827,Lithuania,2010.0,146.0,12.0,21061.986
828,Togo,2010.0,6.0,0.0,1229.4755
829,Namibia,2010.0,20.0,0.0,8381.8838
830,Ukraine,2010.0,561.0,41.0,7824.4985
831,Iceland,2010.0,48.0,0.0,38790.309
832,Rwanda,2010.0,9.0,0.0,1328.5721
833,Croatia,2010.0,208.0,58.0,20118.156
834,Haiti,2010.0,10.0,0.0,1502.0327
835,Malta,2010.0,10.0,0.0,28370.279
836,Cyprus,2010.0,34.0,1.0,33941.285
837,Belize,2010.0,6.0,0.0,7886.9976
838,Thailand,2010.0,101.0,9.0,13584.209
839,Serbia,2010.0,261.0,70.0,12688.078
840,Sierra Leone,2010.0,2.0,0.0,1361.1169
841,Papua New Guinea,2010.0,16.0,0.0,2166.5334
842,Fiji,2010.0,56.0,13.0,7352.0713
843,Moldova,2010.0,43.0,2.0,3910.8606
844,Guatemala,2010.0,49.0,1.0,6667.6348
845,Latvia,2010.0,83.0,3.0,18251.008
846,Mozambique,2010.0,13.0,0.0,913.9884
847,Central African Rep.,2010.0,9.0,0.0,888.71686
848,Madagascar,2010.0,13.0,0.0,1390.4252
849,Slovakia,2010.0,128.0,13.0,25159.078
850,Barbados,2010.0,21.0,0.0,15345.843
851,Dem. Rep. Congo,2010.0,5.0,0.0,596.32288
852,Gabon,2010.0,27.0,1.0,16334.479
853,Botswana,2010.0,13.0,1.0,13119.551
854,South Korea,2010.0,570.0,87.0,30440.404
855,Cambodia,2010.0,12.0,0.0,2513.2932
856,Senegal,2010.0,54.0,0.0,2173.7646
857,Bolivia,2010.0,16.0,0.0,5407.6099
858,Zimbabwe,2010.0,40.0,0.0,1388.973
859,Myanmar,2010.0,13.0,0.0,3607.7678
860,Malawi,2010.0,8.0,0.0,1060.7469
861,Zambia,2010.0,12.0,0.0,3263.3948
862,Gambia,2010.0,2.0,0.0,1654.9081
863,Albania,2010.0,16.0,0.0,9927.1758
864,eSwatini,2010.0,5.0,0.0,7594.3135
865,Burkina Faso,2010.0,10.0,0.0,1420.9326
866,Burundi,2010.0,15.0,1.0,707.7876
867,Vietnam,2010.0,52.0,2.0,4486.2612
868,Tonga,2010.0,9.0,0.0,4993.0
869,Lesotho,2010.0,6.0,0.0,2405.3123
870,China,1880.0,0.0,0.0,535.0
871,Denmark,1880.0,0.0,0.0,2181.0
872,Netherlands,1880.0,0.0,0.0,3046.0
873,Finland,1880.0,0.0,0.0,1155.0
874,Norway,1880.0,0.0,0.0,1517.0
875,Romania,1880.0,0.0,0.0,1088.5
876,Estonia,1880.0,0.0,0.0,1041.0
877,France,1880.0,0.0,0.0,2120.0
878,Morocco,1880.0,0.0,0.0,597.18604
879,Spain,1880.0,0.0,0.0,1646.0
880,Egypt,1880.0,0.0,0.0,707.83722
881,Iran,1880.0,0.0,0.0,784.34882
882,Bulgaria,1880.0,0.0,0.0,985.5
883,Italy,1880.0,0.0,0.0,1581.0
884,Sudan,1880.0,0.0,0.0,533.66669
885,Russia,1880.0,0.0,0.0,1041.0
886,Argentina,1880.0,0.0,0.0,1731.5
887,Cuba,1880.0,0.0,0.0,583.33331
888,Greece,1880.0,0.0,0.0,1029.0
889,Cameroon,1880.0,0.0,0.0,533.66669
890,Turkey,1880.0,0.0,0.0,915.23254
891,Chile,1880.0,0.0,0.0,1740.0
892,Mexico,1880.0,0.0,0.0,842.5
893,United States of America,1880.0,0.0,0.0,3184.0
894,Nicaragua,1880.0,0.0,0.0,583.33331
895,Hungary,1880.0,0.0,0.0,1282.5
896,Nigeria,1880.0,0.0,0.0,533.66669
897,Algeria,1880.0,0.0,0.0,819.18604
898,Kuwait,1880.0,0.0,0.0,811.76746
899,Bahrain,1880.0,0.0,0.0,811.76746
900,Pakistan,1880.0,0.0,0.0,566.66669
901,Iraq,1880.0,0.0,0.0,784.34882
902,Syria,1880.0,0.0,0.0,961.67444
903,Qatar,1880.0,0.0,0.0,811.76746
904,Malaysia,1880.0,0.0,0.0,696.65851
905,Germany,1880.0,0.0,0.0,1991.0
906,Canada,1880.0,0.0,0.0,1816.0
907,Ireland,1880.0,0.0,0.0,1998.4884
908,Australia,1880.0,0.0,0.0,4285.0
909,South Africa,1880.0,0.0,0.0,1031.0233
910,Tanzania,1880.0,0.0,0.0,533.66669
911,Jordan,1880.0,0.0,0.0,783.58142
912,Tunisia,1880.0,0.0,0.0,691.13953
913,Libya,1880.0,0.0,0.0,845.97382
914,Belgium,1880.0,0.0,0.0,3065.0
915,Kazakhstan,1880.0,0.0,0.0,1041.0
916,Brunei,1880.0,0.0,0.0,585.46509
917,India,1880.0,0.0,0.0,545.85712
918,Saudi Arabia,1880.0,0.0,0.0,811.76746
919,Maldives,1880.0,0.0,0.0,585.46509
920,Ethiopia,1880.0,0.0,0.0,533.66669
921,United Arab Emirates,1880.0,0.0,0.0,811.76746
922,Yemen,1880.0,0.0,0.0,811.76746
923,Indonesia,1880.0,0.0,0.0,601.0
924,Philippines,1880.0,0.0,0.0,639.3125
925,Kyrgyzstan,1880.0,0.0,0.0,1041.0
926,Tajikistan,1880.0,0.0,0.0,1041.0
927,Japan,1880.0,0.0,0.0,863.0
928,Congo,1880.0,0.0,0.0,533.66669
929,Switzerland,1880.0,0.0,0.0,2450.0
930,Brazil,1880.0,0.0,0.0,752.0
931,Israel,1880.0,0.0,0.0,811.76746
932,Uruguay,1880.0,0.0,0.0,2082.0
933,Sweden,1880.0,0.0,0.0,1520.0
934,Sri Lanka,1880.0,0.0,0.0,831.0
935,Armenia,1880.0,0.0,0.0,1041.0
936,Ivory Coast,1880.0,0.0,0.0,533.66669
937,Kenya,1880.0,0.0,0.0,533.66669
938,Benin,1880.0,0.0,0.0,533.66669
939,United Kingdom,1880.0,0.0,0.0,3477.0
940,Ghana,1880.0,0.0,0.0,518.53491
941,Niger,1880.0,0.0,0.0,533.66669
942,Mali,1880.0,0.0,0.0,533.66669
943,Afghanistan,1880.0,0.0,0.0,585.46509
944,Poland,1880.0,0.0,0.0,1115.0
945,Costa Rica,1880.0,0.0,0.0,583.33331
946,Panama,1880.0,0.0,0.0,583.33331
947,Slovenia,1880.0,0.0,0.0,1364.9938
948,Guyana,1880.0,0.0,0.0,647.66669
949,New Zealand,1880.0,0.0,0.0,3747.0
950,Portugal,1880.0,0.0,0.0,947.0
951,Paraguay,1880.0,0.0,0.0,583.33331
952,Angola,1880.0,0.0,0.0,533.66669
953,Venezuela,1880.0,0.0,0.0,653.0
954,Colombia,1880.0,0.0,0.0,819.0
955,Bangladesh,1880.0,0.0,0.0,566.66669
956,Peru,1880.0,0.0,0.0,670.84613
957,El Salvador,1880.0,0.0,0.0,583.33331
958,Uganda,1880.0,0.0,0.0,533.66669
959,Honduras,1880.0,0.0,0.0,583.33331
960,Ecuador,1880.0,0.0,0.0,583.33331
961,Mauritius,1880.0,0.0,0.0,533.66669
962,Czechia,1880.0,0.0,0.0,1689.3025
963,Luxembourg,1880.0,0.0,0.0,1815.0
964,Mauritania,1880.0,0.0,0.0,533.66669
965,Trinidad and Tobago,1880.0,0.0,0.0,583.33331
966,Dominican Rep.,1880.0,0.0,0.0,583.33331
967,Jamaica,1880.0,0.0,0.0,551.97675
968,Liberia,1880.0,0.0,0.0,533.66669
969,Nepal,1880.0,0.0,0.0,430.02325
970,Mongolia,1880.0,0.0,0.0,585.46509
971,Austria,1880.0,0.0,0.0,2079.0
972,Lithuania,1880.0,0.0,0.0,1041.0
973,Togo,1880.0,0.0,0.0,533.66669
974,Namibia,1880.0,0.0,0.0,533.66669
975,Ukraine,1880.0,0.0,0.0,1041.0
976,Iceland,1880.0,0.0,0.0,1815.0
977,Rwanda,1880.0,0.0,0.0,533.66669
978,Croatia,1880.0,0.0,0.0,1095.5
979,Haiti,1880.0,0.0,0.0,583.33331
980,Malta,1880.0,0.0,0.0,1815.0
981,Cyprus,1880.0,0.0,0.0,1815.0
982,Belize,1880.0,0.0,0.0,647.66669
983,Thailand,1880.0,0.0,0.0,696.0
984,Serbia,1880.0,0.0,0.0,1095.5
985,Sierra Leone,1880.0,0.0,0.0,533.66669
986,Papua New Guinea,1880.0,0.0,0.0,585.46509
987,Fiji,1880.0,0.0,0.0,585.46509
988,Moldova,1880.0,0.0,0.0,1041.0
989,Guatemala,1880.0,0.0,0.0,583.33331
990,Latvia,1880.0,0.0,0.0,1041.0
991,Mozambique,1880.0,0.0,0.0,533.66669
992,Central African Rep.,1880.0,0.0,0.0,533.66669
993,Madagascar,1880.0,0.0,0.0,533.66669
994,Slovakia,1880.0,0.0,0.0,1939.3218
995,Barbados,1880.0,0.0,0.0,647.66669
996,Dem. Rep. Congo,1880.0,0.0,0.0,533.66669
997,Gabon,1880.0,0.0,0.0,533.66669
998,Botswana,1880.0,0.0,0.0,533.66669
999,South Korea,1880.0,0.0,0.0,655.46344
1000,Cambodia,1880.0,0.0,0.0,585.46509
1001,Senegal,1880.0,0.0,0.0,533.66669
1002,Bolivia,1880.0,0.0,0.0,583.33331
1003,Zimbabwe,1880.0,0.0,0.0,533.66669
1004,Myanmar,1880.0,0.0,0.0,566.9032
1005,Malawi,1880.0,0.0,0.0,533.66669
1006,Zambia,1880.0,0.0,0.0,533.66669
1007,Gambia,1880.0,0.0,0.0,533.66669
1008,Albania,1880.0,0.0,0.0,522.0
1009,eSwatini,1880.0,0.0,0.0,533.66669
1010,Burkina Faso,1880.0,0.0,0.0,533.66669
1011,Burundi,1880.0,0.0,0.0,533.66669
1012,Vietnam,1880.0,0.0,0.0,556.62793
1013,Tonga,1880.0,0.0,0.0,585.46509
1014,Lesotho,1880.0,0.0,0.0,533.66669
1015,China,1940.0,0.0,0.0,543.0
1016,Denmark,1940.0,12.0,5.0,5116.0
1017,Netherlands,1940.0,13.0,6.0,4831.0
1018,Finland,1940.0,101.0,17.0,3220.0
1019,Norway,1940.0,17.0,1.0,4038.0
1020,Romania,1940.0,0.0,0.0,1156.8
1021,Estonia,1940.0,0.0,0.0,2144.0
1022,France,1940.0,102.0,26.0,4042.0
1023,Morocco,1940.0,0.0,0.0,1253.6487
1024,Spain,1940.0,10.0,0.0,2080.0
1025,Egypt,1940.0,0.0,0.0,907.83783
1026,Iran,1940.0,0.0,0.0,1525.4054
1027,Bulgaria,1940.0,0.0,0.0,1548.0
1028,Italy,1940.0,26.0,4.0,3505.0
1029,Sudan,1940.0,0.0,0.0,813.0
1030,Russia,1940.0,0.0,0.0,2144.0
1031,Argentina,1940.0,31.0,3.0,4161.0
1032,Cuba,1940.0,8.0,1.0,1208.0
1033,Greece,1940.0,13.0,0.0,2223.0
1034,Cameroon,1940.0,0.0,0.0,813.0
1035,Turkey,1940.0,7.0,0.0,1675.0
1036,Chile,1940.0,18.0,0.0,3236.0
1037,Mexico,1940.0,15.0,0.0,1852.0
1038,United States of America,1940.0,144.0,57.0,7010.0
1039,Nicaragua,1940.0,0.0,0.0,1372.0
1040,Hungary,1940.0,41.0,13.0,2626.0
1041,Nigeria,1940.0,0.0,0.0,813.0
1042,Algeria,1940.0,0.0,0.0,1310.4054
1043,Kuwait,1940.0,0.0,0.0,21354.756
1044,Bahrain,1940.0,0.0,0.0,1816.973
1045,Pakistan,1940.0,1.0,0.0,652.45947
1046,Iraq,1940.0,0.0,0.0,1265.6216
1047,Syria,1940.0,0.0,0.0,2122.7837
1048,Qatar,1940.0,0.0,0.0,22455.918
1049,Malaysia,1940.0,0.0,0.0,1278.0
1050,Germany,1940.0,0.0,0.0,5403.0
1051,Canada,1940.0,17.0,0.0,5368.0
1052,Ireland,1940.0,4.0,0.0,3052.0
1053,Australia,1940.0,17.0,3.0,6166.0
1054,South Africa,1940.0,7.0,0.0,2282.8379
1055,Tanzania,1940.0,0.0,0.0,813.0
1056,Jordan,1940.0,0.0,0.0,1483.8108
1057,Tunisia,1940.0,0.0,0.0,1052.2972
1058,Libya,1940.0,0.0,0.0,855.4248
1059,Belgium,1940.0,9.0,1.0,4562.0
1060,Kazakhstan,1940.0,0.0,0.0,2144.0
1061,Brunei,1940.0,0.0,0.0,1213.9189
1062,India,1940.0,1.0,1.0,686.0
1063,Saudi Arabia,1940.0,0.0,0.0,1909.6487
1064,Maldives,1940.0,0.0,0.0,1213.9189
1065,Ethiopia,1940.0,0.0,0.0,813.0
1066,United Arab Emirates,1940.0,0.0,0.0,11809.892
1067,Yemen,1940.0,0.0,0.0,946.4054
1068,Indonesia,1940.0,0.0,0.0,1165.0
1069,Philippines,1940.0,4.0,0.0,1507.0
1070,Kyrgyzstan,1940.0,0.0,0.0,2144.0
1071,Tajikistan,1940.0,0.0,0.0,2144.0
1072,Japan,1940.0,0.0,0.0,2874.0
1073,Congo,1940.0,0.0,0.0,813.0
1074,Switzerland,1940.0,15.0,2.0,6397.0
1075,Brazil,1940.0,9.0,2.0,1250.0
1076,Israel,1940.0,0.0,0.0,2337.2703
1077,Uruguay,1940.0,11.0,0.0,3661.0
1078,Sweden,1940.0,55.0,20.0,5180.0
1079,Sri Lanka,1940.0,0.0,0.0,1251.0
1080,Armenia,1940.0,0.0,0.0,2144.0
1081,Ivory Coast,1940.0,0.0,0.0,813.0
1082,Kenya,1940.0,0.0,0.0,813.0
1083,Benin,1940.0,0.0,0.0,813.0
1084,United Kingdom,1940.0,65.0,7.0,6856.0
1085,Ghana,1940.0,0.0,0.0,1029.8379
1086,Niger,1940.0,0.0,0.0,813.0
1087,Mali,1940.0,0.0,0.0,813.0
1088,Afghanistan,1940.0,0.0,0.0,673.91895
1089,Poland,1940.0,26.0,0.0,2226.1667
1090,Costa Rica,1940.0,0.0,0.0,1763.0
1091,Panama,1940.0,2.0,2.0,1945.0313
1092,Slovenia,1940.0,0.0,0.0,2270.4009
1093,Guyana,1940.0,0.0,0.0,2165.7026
1094,New Zealand,1940.0,5.0,0.0,6300.0
1095,Portugal,1940.0,7.0,3.0,1615.0
1096,Paraguay,1940.0,0.0,0.0,1752.0
1097,Angola,1940.0,0.0,0.0,813.0
1098,Venezuela,1940.0,0.0,0.0,4045.0
1099,Colombia,1940.0,2.0,0.0,1895.0
1100,Bangladesh,1940.0,0.0,0.0,577.2973
1101,Peru,1940.0,2.0,0.0,1911.0
1102,El Salvador,1940.0,0.0,0.0,1111.0
1103,Uganda,1940.0,0.0,0.0,813.0
1104,Honduras,1940.0,0.0,0.0,1160.0
1105,Ecuador,1940.0,0.0,0.0,1356.0
1106,Mauritius,1940.0,0.0,0.0,813.0
1107,Czechia,1940.0,9.0,2.0,2596.0459
1108,Luxembourg,1940.0,36.0,0.0,3824.0
1109,Mauritania,1940.0,0.0,0.0,813.0
1110,Trinidad and Tobago,1940.0,2.0,0.0,2961.5676
1111,Dominican Rep.,1940.0,0.0,0.0,1029.973
1112,Jamaica,1940.0,12.0,3.0,971.0
1113,Liberia,1940.0,0.0,0.0,813.0
1114,Nepal,1940.0,0.0,0.0,507.62161
1115,Mongolia,1940.0,0.0,0.0,520.67566
1116,Austria,1940.0,7.0,2.0,3959.0
1117,Lithuania,1940.0,0.0,0.0,2144.0
1118,Togo,1940.0,0.0,0.0,813.0
1119,Namibia,1940.0,0.0,0.0,813.0
1120,Ukraine,1940.0,0.0,0.0,2144.0
1121,Iceland,1940.0,10.0,0.0,3824.0
1122,Rwanda,1940.0,0.0,0.0,813.0
1123,Croatia,1940.0,0.0,0.0,1969.0
1124,Haiti,1940.0,0.0,0.0,1043.9063
1125,Malta,1940.0,0.0,0.0,3824.0
1126,Cyprus,1940.0,0.0,0.0,3824.0
1127,Belize,1940.0,0.0,0.0,2165.7026
1128,Thailand,1940.0,0.0,0.0,824.5
1129,Serbia,1940.0,16.0,1.0,1969.0
1130,Sierra Leone,1940.0,0.0,0.0,813.0
1131,Papua New Guinea,1940.0,0.0,0.0,1213.9189
1132,Fiji,1940.0,0.0,0.0,1213.9189
1133,Moldova,1940.0,0.0,0.0,2144.0
1134,Guatemala,1940.0,0.0,0.0,2742.0
1135,Latvia,1940.0,0.0,0.0,2144.0
1136,Mozambique,1940.0,0.0,0.0,813.0
1137,Central African Rep.,1940.0,0.0,0.0,813.0
1138,Madagascar,1940.0,0.0,0.0,813.0
1139,Slovakia,1940.0,0.0,0.0,2980.2649
1140,Barbados,1940.0,0.0,0.0,2165.7026
1141,Dem. Rep. Congo,1940.0,0.0,0.0,813.0
1142,Gabon,1940.0,0.0,0.0,813.0
1143,Botswana,1940.0,0.0,0.0,813.0
1144,South Korea,1940.0,2.0,0.0,1600.0
1145,Cambodia,1940.0,0.0,0.0,554.97296
1146,Senegal,1940.0,0.0,0.0,813.0
1147,Bolivia,1940.0,0.0,0.0,1588.125
1148,Zimbabwe,1940.0,0.0,0.0,813.0
1149,Myanmar,1940.0,0.0,0.0,682.66669
1150,Malawi,1940.0,0.0,0.0,813.0
1151,Zambia,1940.0,0.0,0.0,813.0
1152,Gambia,1940.0,0.0,0.0,813.0
1153,Albania,1940.0,0.0,0.0,965.28571
1154,eSwatini,1940.0,0.0,0.0,813.0
1155,Burkina Faso,1940.0,0.0,0.0,813.0
1156,Burundi,1940.0,0.0,0.0,813.0
1157,Vietnam,1940.0,0.0,0.0,676.64862
1158,Tonga,1940.0,0.0,0.0,1213.9189
1159,Lesotho,1940.0,0.0,0.0,813.0
1160,China,1890.0,0.0,0.0,540.0
1161,Denmark,1890.0,0.0,0.0,2523.0
1162,Netherlands,1890.0,0.0,0.0,3323.0
1163,Finland,1890.0,0.0,0.0,1381.0
1164,Norway,1890.0,0.0,0.0,1709.0
1165,Romania,1890.0,0.0,0.0,1246.0
1166,Estonia,1890.0,0.0,0.0,1139.0
1167,France,1890.0,0.0,0.0,2376.0
1168,Morocco,1890.0,0.0,0.0,631.37207
1169,Spain,1890.0,0.0,0.0,1624.0
1170,Egypt,1890.0,0.0,0.0,766.67444
1171,Iran,1890.0,0.0,0.0,849.69769
1172,Bulgaria,1890.0,0.0,0.0,1131.0
1173,Italy,1890.0,0.0,0.0,1667.0
1174,Sudan,1890.0,0.0,0.0,567.33331
1175,Russia,1890.0,0.0,0.0,1139.0
1176,Argentina,1890.0,0.0,0.0,2152.0
1177,Cuba,1890.0,0.0,0.0,680.66669
1178,Greece,1890.0,0.0,0.0,1178.0
1179,Cameroon,1890.0,0.0,0.0,567.33331
1180,Turkey,1890.0,0.0,0.0,1005.4651
1181,Chile,1890.0,0.0,0.0,1966.0
1182,Mexico,1890.0,0.0,0.0,1011.0
1183,United States of America,1890.0,13.0,12.0,3392.0
1184,Nicaragua,1890.0,0.0,0.0,680.66669
1185,Hungary,1890.0,0.0,0.0,1473.0
1186,Nigeria,1890.0,0.0,0.0,567.33331
1187,Algeria,1890.0,0.0,0.0,923.37207
1188,Kuwait,1890.0,0.0,0.0,881.53491
1189,Bahrain,1890.0,0.0,0.0,881.53491
1190,Pakistan,1890.0,0.0,0.0,587.33331
1191,Iraq,1890.0,0.0,0.0,849.69769
1192,Syria,1890.0,0.0,0.0,1079.3489
1193,Qatar,1890.0,0.0,0.0,881.53491
1194,Malaysia,1890.0,0.0,0.0,730.31708
1195,Germany,1890.0,22.0,6.0,2428.0
1196,Canada,1890.0,0.0,0.0,2378.0
1197,Ireland,1890.0,0.0,0.0,2221.9768
1198,Australia,1890.0,0.0,0.0,4458.0
1199,South Africa,1890.0,0.0,0.0,1204.0465
1200,Tanzania,1890.0,0.0,0.0,567.33331
1201,Jordan,1890.0,0.0,0.0,849.16278
1202,Tunisia,1890.0,0.0,0.0,749.27905
1203,Libya,1890.0,0.0,0.0,847.54901
1204,Belgium,1890.0,0.0,0.0,3428.0
1205,Kazakhstan,1890.0,0.0,0.0,1139.0
1206,Brunei,1890.0,0.0,0.0,635.93024
1207,India,1890.0,0.0,0.0,584.0
1208,Saudi Arabia,1890.0,0.0,0.0,881.53491
1209,Maldives,1890.0,0.0,0.0,635.93024
1210,Ethiopia,1890.0,0.0,0.0,567.33331
1211,United Arab Emirates,1890.0,0.0,0.0,881.53491
1212,Yemen,1890.0,0.0,0.0,881.53491
1213,Indonesia,1890.0,0.0,0.0,612.0
1214,Philippines,1890.0,0.0,0.0,654.625
1215,Kyrgyzstan,1890.0,0.0,0.0,1139.0
1216,Tajikistan,1890.0,0.0,0.0,1139.0
1217,Japan,1890.0,0.0,0.0,1012.0
1218,Congo,1890.0,0.0,0.0,567.33331
1219,Switzerland,1890.0,0.0,0.0,3182.0
1220,Brazil,1890.0,0.0,0.0,794.0
1221,Israel,1890.0,0.0,0.0,881.53491
1222,Uruguay,1890.0,0.0,0.0,2147.0
1223,Sweden,1890.0,0.0,0.0,1769.0
1224,Sri Lanka,1890.0,0.0,0.0,1045.0
1225,Armenia,1890.0,0.0,0.0,1139.0
1226,Ivory Coast,1890.0,0.0,0.0,567.33331
1227,Kenya,1890.0,0.0,0.0,567.33331
1228,Benin,1890.0,0.0,0.0,567.33331
1229,United Kingdom,1890.0,5.0,2.0,4009.0
1230,Ghana,1890.0,0.0,0.0,598.06976
1231,Niger,1890.0,0.0,0.0,567.33331
1232,Mali,1890.0,0.0,0.0,567.33331
1233,Afghanistan,1890.0,0.0,0.0,635.93024
1234,Poland,1890.0,0.0,0.0,1284.0
1235,Costa Rica,1890.0,0.0,0.0,680.66669
1236,Panama,1890.0,0.0,0.0,680.66669
1237,Slovenia,1890.0,0.0,0.0,1490.6072
1238,Guyana,1890.0,0.0,0.0,746.33331
1239,New Zealand,1890.0,0.0,0.0,3755.0
1240,Portugal,1890.0,0.0,0.0,1128.0
1241,Paraguay,1890.0,0.0,0.0,680.66669
1242,Angola,1890.0,0.0,0.0,567.33331
1243,Venezuela,1890.0,0.0,0.0,737.0
1244,Colombia,1890.0,0.0,0.0,896.0
1245,Bangladesh,1890.0,0.0,0.0,587.33331
1246,Peru,1890.0,0.0,0.0,599.69232
1247,El Salvador,1890.0,0.0,0.0,680.66669
1248,Uganda,1890.0,0.0,0.0,567.33331
1249,Honduras,1890.0,0.0,0.0,680.66669
1250,Ecuador,1890.0,0.0,0.0,680.66669
1251,Mauritius,1890.0,0.0,0.0,567.33331
1252,Czechia,1890.0,0.0,0.0,1910.428
1253,Luxembourg,1890.0,0.0,0.0,2028.0
1254,Mauritania,1890.0,0.0,0.0,567.33331
1255,Trinidad and Tobago,1890.0,0.0,0.0,680.66669
1256,Dominican Rep.,1890.0,0.0,0.0,680.66669
1257,Jamaica,1890.0,0.0,0.0,568.95349
1258,Liberia,1890.0,0.0,0.0,567.33331
1259,Nepal,1890.0,0.0,0.0,463.04651
1260,Mongolia,1890.0,0.0,0.0,635.93024
1261,Austria,1890.0,0.0,0.0,2443.0
1262,Lithuania,1890.0,0.0,0.0,1139.0
1263,Togo,1890.0,0.0,0.0,567.33331
1264,Namibia,1890.0,0.0,0.0,567.33331
1265,Ukraine,1890.0,0.0,0.0,1139.0
1266,Iceland,1890.0,0.0,0.0,2028.0
1267,Rwanda,1890.0,0.0,0.0,567.33331
1268,Croatia,1890.0,0.0,0.0,1254.0
1269,Haiti,1890.0,0.0,0.0,680.66669
1270,Malta,1890.0,0.0,0.0,2028.0
1271,Cyprus,1890.0,0.0,0.0,2028.0
1272,Belize,1890.0,0.0,0.0,746.33331
1273,Thailand,1890.0,0.0,0.0,784.0
1274,Serbia,1890.0,0.0,0.0,1254.0
1275,Sierra Leone,1890.0,0.0,0.0,567.33331
1276,Papua New Guinea,1890.0,0.0,0.0,635.93024
1277,Fiji,1890.0,0.0,0.0,635.93024
1278,Moldova,1890.0,0.0,0.0,1139.0
1279,Guatemala,1890.0,0.0,0.0,680.66669
1280,Latvia,1890.0,0.0,0.0,1139.0
1281,Mozambique,1890.0,0.0,0.0,567.33331
1282,Central African Rep.,1890.0,0.0,0.0,567.33331
1283,Madagascar,1890.0,0.0,0.0,567.33331
1284,Slovakia,1890.0,0.0,0.0,2193.1736
1285,Barbados,1890.0,0.0,0.0,746.33331
1286,Dem. Rep. Congo,1890.0,0.0,0.0,567.33331
1287,Gabon,1890.0,0.0,0.0,567.33331
1288,Botswana,1890.0,0.0,0.0,567.33331
1289,South Korea,1890.0,0.0,0.0,706.92682
1290,Cambodia,1890.0,0.0,0.0,635.93024
1291,Senegal,1890.0,0.0,0.0,567.33331
1292,Bolivia,1890.0,0.0,0.0,680.66669
1293,Zimbabwe,1890.0,0.0,0.0,567.33331
1294,Myanmar,1890.0,0.0,0.0,629.80646
1295,Malawi,1890.0,0.0,0.0,567.33331
1296,Zambia,1890.0,0.0,0.0,567.33331
1297,Gambia,1890.0,0.0,0.0,567.33331
1298,Albania,1890.0,0.0,0.0,598.0
1299,eSwatini,1890.0,0.0,0.0,567.33331
1300,Burkina Faso,1890.0,0.0,0.0,567.33331
1301,Burundi,1890.0,0.0,0.0,567.33331
1302,Vietnam,1890.0,0.0,0.0,608.2558
1303,Tonga,1890.0,0.0,0.0,635.93024
1304,Lesotho,1890.0,0.0,0.0,567.33331
1305,China,1980.0,928.0,126.0,1061.0
1306,Denmark,1980.0,264.0,28.0,15227.0
1307,Netherlands,1980.0,485.0,90.0,14705.0
1308,Finland,1980.0,333.0,25.0,12949.0
1309,Norway,1980.0,208.0,26.0,15076.0
1310,Romania,1980.0,702.0,232.0,4135.0
1311,Estonia,1980.0,0.0,0.0,9547.6475
1312,France,1980.0,948.0,125.0,14766.0
1313,Morocco,1980.0,48.0,5.0,2272.0
1314,Spain,1980.0,776.0,48.0,9203.0
1315,Egypt,1980.0,182.0,1.0,2069.0
1316,Iran,1980.0,26.0,1.0,3974.0
1317,Bulgaria,1980.0,669.0,130.0,6044.0
1318,Italy,1980.0,926.0,129.0,13149.0
1319,Sudan,1980.0,10.0,0.0,931.0
1320,Russia,1980.0,1301.0,737.0,7074.8823
1321,Argentina,1980.0,247.0,13.0,8206.0
1322,Cuba,1980.0,287.0,20.0,2644.0
1323,Greece,1980.0,183.0,8.0,8971.0
1324,Cameroon,1980.0,60.0,1.0,1192.0
1325,Turkey,1980.0,111.0,5.0,4022.0
1326,Chile,1980.0,45.0,1.0,5680.0
1327,Mexico,1980.0,372.0,18.0,6320.0
1328,United States of America,1980.0,1401.0,559.0,18577.0
1329,Nicaragua,1980.0,11.0,0.0,2154.0
1330,Hungary,1980.0,706.0,105.0,6306.0
1331,Nigeria,1980.0,124.0,5.0,1305.0
1332,Algeria,1980.0,119.0,0.0,3152.0
1333,Kuwait,1980.0,98.0,0.0,13271.0
1334,Bahrain,1980.0,15.0,0.0,4388.0
1335,Pakistan,1980.0,62.0,16.0,1161.0
1336,Iraq,1980.0,31.0,0.0,6377.0
1337,Syria,1980.0,25.0,0.0,6508.0
1338,Qatar,1980.0,22.0,0.0,28771.0
1339,Malaysia,1980.0,40.0,0.0,3657.0
1340,Germany,1980.0,1984.0,718.0,14114.0
1341,Canada,1980.0,1063.0,107.0,16176.0
1342,Ireland,1980.0,185.0,4.0,8541.0
1343,Australia,1980.0,851.0,100.0,14412.0
1344,South Africa,1980.0,0.0,0.0,4390.0
1345,Tanzania,1980.0,69.0,2.0,601.0
1346,Jordan,1980.0,26.0,0.0,4480.0
1347,Tunisia,1980.0,73.0,0.0,2944.0
1348,Libya,1980.0,3.0,0.0,7272.0
1349,Belgium,1980.0,250.0,8.0,14467.0
1350,Kazakhstan,1980.0,0.0,0.0,7556.2354
1351,Brunei,1980.0,0.0,0.0,2522.0
1352,India,1980.0,162.0,16.0,938.0
1353,Saudi Arabia,1980.0,27.0,0.0,13217.0
1354,Maldives,1980.0,9.0,0.0,2522.0
1355,Ethiopia,1980.0,48.0,4.0,648.0
1356,United Arab Emirates,1980.0,19.0,0.0,27709.0
1357,Yemen,1980.0,12.0,0.0,2290.0
1358,Indonesia,1980.0,65.0,3.0,1870.0
1359,Philippines,1980.0,73.0,1.0,2376.0
1360,Kyrgyzstan,1980.0,0.0,0.0,3675.5293
1361,Tajikistan,1980.0,0.0,0.0,3649.4707
1362,Japan,1980.0,770.0,69.0,13428.0
1363,Congo,1980.0,30.0,0.0,2324.0
1364,Switzerland,1980.0,482.0,23.0,18779.0
1365,Brazil,1980.0,565.0,64.0,5195.0
1366,Israel,1980.0,94.0,0.0,10984.0
1367,Uruguay,1980.0,41.0,0.0,6555.0
1368,Sweden,1980.0,695.0,69.0,15016.0
1369,Sri Lanka,1980.0,19.0,0.0,1830.0
1370,Armenia,1980.0,0.0,0.0,6116.5884
1371,Ivory Coast,1980.0,20.0,1.0,2041.0
1372,Kenya,1980.0,127.0,11.0,1051.0
1373,Benin,1980.0,20.0,0.0,1128.0
1374,United Kingdom,1980.0,1302.0,172.0,12931.0
1375,Ghana,1980.0,47.0,0.0,1157.0
1376,Niger,1980.0,2.0,0.0,810.0
1377,Mali,1980.0,7.0,0.0,733.0
1378,Afghanistan,1980.0,11.0,0.0,690.0
1379,Poland,1980.0,610.0,71.0,5740.0
1380,Costa Rica,1980.0,84.0,1.0,4911.0
1381,Panama,1980.0,17.0,0.0,5082.0
1382,Slovenia,1980.0,0.0,0.0,9160.1709
1383,Guyana,1980.0,30.0,1.0,5935.0
1384,New Zealand,1980.0,266.0,46.0,12347.0
1385,Portugal,1980.0,156.0,4.0,8044.0
1386,Paraguay,1980.0,22.0,0.0,3301.0
1387,Angola,1980.0,43.0,0.0,961.0
1388,Venezuela,1980.0,99.0,4.0,10139.0
1389,Colombia,1980.0,123.0,2.0,4257.0
1390,Bangladesh,1980.0,13.0,0.0,549.0
1391,Peru,1980.0,108.0,13.0,4263.0
1392,El Salvador,1980.0,21.0,0.0,2354.0
1393,Uganda,1980.0,71.0,1.0,572.0
1394,Honduras,1980.0,21.0,0.0,2062.0
1395,Ecuador,1980.0,43.0,0.0,4129.0
1396,Mauritius,1980.0,18.0,0.0,4367.0
1397,Czechia,1980.0,541.0,61.0,8468.6406
1398,Luxembourg,1980.0,19.0,0.0,10436.0
1399,Mauritania,1980.0,8.0,0.0,1009.0
1400,Trinidad and Tobago,1980.0,48.0,0.0,12380.0
1401,Dominican Rep.,1980.0,19.0,0.0,2372.0
1402,Jamaica,1980.0,154.0,17.0,3121.0
1403,Liberia,1980.0,17.0,0.0,1162.0
1404,Nepal,1980.0,21.0,0.0,652.0
1405,Mongolia,1980.0,89.0,5.0,1058.0
1406,Austria,1980.0,316.0,9.0,13759.0
1407,Lithuania,1980.0,0.0,0.0,8033.5884
1408,Togo,1980.0,11.0,0.0,1097.0
1409,Namibia,1980.0,0.0,0.0,3767.0
1410,Ukraine,1980.0,0.0,0.0,5378.1763
1411,Iceland,1980.0,86.0,1.0,10436.0
1412,Rwanda,1980.0,11.0,0.0,952.0
1413,Croatia,1980.0,0.0,0.0,5786.0
1414,Haiti,1980.0,6.0,0.0,1268.0
1415,Malta,1980.0,23.0,0.0,10436.0
1416,Cyprus,1980.0,38.0,0.0,10436.0
1417,Belize,1980.0,26.0,0.0,5935.0
1418,Thailand,1980.0,53.0,2.0,2554.0
1419,Serbia,1980.0,515.0,206.0,5786.0
1420,Sierra Leone,1980.0,51.0,0.0,1116.0
1421,Papua New Guinea,1980.0,24.0,0.0,2522.0
1422,Fiji,1980.0,67.0,0.0,2522.0
1423,Moldova,1980.0,0.0,0.0,5696.4707
1424,Guatemala,1980.0,100.0,0.0,4005.0
1425,Latvia,1980.0,0.0,0.0,8698.3525
1426,Mozambique,1980.0,18.0,0.0,1220.0
1427,Central African Rep.,1980.0,18.0,0.0,737.0
1428,Madagascar,1980.0,22.0,0.0,1054.0
1429,Slovakia,1980.0,0.0,0.0,7816.4419
1430,Barbados,1980.0,38.0,0.0,5935.0
1431,Dem. Rep. Congo,1980.0,16.0,0.0,598.0
1432,Gabon,1980.0,6.0,0.0,6777.0
1433,Botswana,1980.0,26.0,0.0,1765.0
1434,South Korea,1980.0,789.0,118.0,4114.0
1435,Cambodia,1980.0,0.0,0.0,828.0
1436,Senegal,1980.0,82.0,1.0,1268.0
1437,Bolivia,1980.0,23.0,0.0,2572.0
1438,Zimbabwe,1980.0,118.0,15.0,1295.0
1439,Myanmar,1980.0,6.0,0.0,828.0
1440,Malawi,1980.0,44.0,0.0,630.0
1441,Zambia,1980.0,53.0,0.0,911.0
1442,Gambia,1980.0,17.0,0.0,1039.0
1443,Albania,1980.0,0.0,0.0,2347.0
1444,eSwatini,1980.0,20.0,0.0,2397.0
1445,Burkina Faso,1980.0,4.0,0.0,731.0
1446,Burundi,1980.0,0.0,0.0,603.0
1447,Vietnam,1980.0,50.0,0.0,757.0
1448,Tonga,1980.0,7.0,0.0,2522.0
1449,Lesotho,1980.0,18.0,0.0,1005.0
1450,China,1930.0,13.0,0.0,568.0
1451,Denmark,1930.0,2.0,0.0,5341.0
1452,Netherlands,1930.0,19.0,2.0,5603.0
1453,Finland,1930.0,138.0,38.0,2666.0
1454,Norway,1930.0,13.0,0.0,3627.0
1455,Romania,1930.0,0.0,0.0,1219.0
1456,Estonia,1930.0,16.0,3.0,1448.0
1457,France,1930.0,73.0,13.0,4532.0
1458,Morocco,1930.0,0.0,0.0,1052.2972
1459,Spain,1930.0,0.0,0.0,2620.0
1460,Egypt,1930.0,3.0,0.0,905.67566
1461,Iran,1930.0,0.0,0.0,1330.8108
1462,Bulgaria,1930.0,0.0,0.0,1284.0
1463,Italy,1930.0,45.0,26.0,2918.0
1464,Sudan,1930.0,0.0,0.0,747.81482
1465,Russia,1930.0,0.0,0.0,1448.0
1466,Argentina,1930.0,18.0,1.0,4080.0
1467,Cuba,1930.0,0.0,0.0,1505.0
1468,Greece,1930.0,3.0,0.0,2258.0
1469,Cameroon,1930.0,0.0,0.0,747.81482
1470,Turkey,1930.0,0.0,0.0,1249.0
1471,Chile,1930.0,7.0,0.0,2859.0
1472,Mexico,1930.0,5.0,0.0,1618.0
1473,United States of America,1930.0,239.0,109.0,6213.0
1474,Nicaragua,1930.0,0.0,0.0,1415.0
1475,Hungary,1930.0,37.0,5.0,2404.0
1476,Nigeria,1930.0,0.0,0.0,747.81482
1477,Algeria,1930.0,0.0,0.0,1255.8108
1478,Kuwait,1930.0,0.0,0.0,13831.514
1479,Bahrain,1930.0,0.0,0.0,1529.9459
1480,Pakistan,1930.0,0.0,0.0,661.91895
1481,Iraq,1930.0,0.0,0.0,1167.2433
1482,Syria,1930.0,0.0,0.0,1836.5676
1483,Qatar,1930.0,0.0,0.0,14524.838
1484,Malaysia,1930.0,0.0,0.0,1636.0
1485,Germany,1930.0,141.0,35.0,3973.0
1486,Canada,1930.0,65.0,21.0,4811.0
1487,Ireland,1930.0,3.0,2.0,2897.0
1488,Australia,1930.0,10.0,3.0,4708.0
1489,South Africa,1930.0,13.0,1.0,2030.6757
1490,Tanzania,1930.0,0.0,0.0,747.81482
1491,Jordan,1930.0,0.0,0.0,1304.6216
1492,Tunisia,1930.0,0.0,0.0,989.5946
1493,Libya,1930.0,0.0,0.0,853.84967
1494,Belgium,1930.0,7.0,0.0,4979.0
1495,Kazakhstan,1930.0,0.0,0.0,1448.0
1496,Brunei,1930.0,0.0,0.0,1042.8379
1497,India,1930.0,1.0,0.0,726.0
1498,Saudi Arabia,1930.0,0.0,0.0,1588.2972
1499,Maldives,1930.0,0.0,0.0,1042.8379
1500,Ethiopia,1930.0,0.0,0.0,747.81482
1501,United Arab Emirates,1930.0,0.0,0.0,7821.7837
1502,Yemen,1930.0,0.0,0.0,981.81079
1503,Indonesia,1930.0,0.0,0.0,1141.0
1504,Philippines,1930.0,7.0,2.0,1382.0
1505,Kyrgyzstan,1930.0,0.0,0.0,1448.0
1506,Tajikistan,1930.0,0.0,0.0,1448.0
1507,Japan,1930.0,58.0,15.0,1850.0
1508,Congo,1930.0,0.0,0.0,747.81482
1509,Switzerland,1930.0,15.0,2.0,6246.0
1510,Brazil,1930.0,8.0,0.0,1048.0
1511,Israel,1930.0,0.0,0.0,1857.5405
1512,Uruguay,1930.0,0.0,0.0,4301.0
1513,Sweden,1930.0,50.0,4.0,4306.0
1514,Sri Lanka,1930.0,0.0,0.0,1265.0
1515,Armenia,1930.0,0.0,0.0,1448.0
1516,Ivory Coast,1930.0,0.0,0.0,747.81482
1517,Kenya,1930.0,0.0,0.0,747.81482
1518,Benin,1930.0,0.0,0.0,747.81482
1519,United Kingdom,1930.0,58.0,21.0,5441.0
1520,Ghana,1930.0,0.0,0.0,937.67566
1521,Niger,1930.0,0.0,0.0,747.81482
1522,Mali,1930.0,0.0,0.0,747.81482
1523,Afghanistan,1930.0,0.0,0.0,702.83783
1524,Poland,1930.0,107.0,27.0,1994.0
1525,Costa Rica,1930.0,0.0,0.0,1626.0
1526,Panama,1930.0,0.0,0.0,1609.0938
1527,Slovenia,1930.0,0.0,0.0,2298.4031
1528,Guyana,1930.0,0.0,0.0,1798.4054
1529,New Zealand,1930.0,6.0,1.0,4960.0
1530,Portugal,1930.0,2.0,1.0,1571.0
1531,Paraguay,1930.0,0.0,0.0,1597.6923
1532,Angola,1930.0,0.0,0.0,747.81482
1533,Venezuela,1930.0,0.0,0.0,3444.0
1534,Colombia,1930.0,0.0,0.0,1474.0
1535,Bangladesh,1930.0,0.0,0.0,614.5946
1536,Peru,1930.0,2.0,0.0,1663.0
1537,El Salvador,1930.0,0.0,0.0,1045.0
1538,Uganda,1930.0,0.0,0.0,747.81482
1539,Honduras,1930.0,0.0,0.0,1563.0
1540,Ecuador,1930.0,0.0,0.0,1209.9615
1541,Mauritius,1930.0,0.0,0.0,747.81482
1542,Czechia,1930.0,30.0,4.0,2435.1345
1543,Luxembourg,1930.0,22.0,0.0,3291.0
1544,Mauritania,1930.0,0.0,0.0,747.81482
1545,Trinidad and Tobago,1930.0,0.0,0.0,2249.1353
1546,Dominican Rep.,1930.0,0.0,0.0,1032.9459
1547,Jamaica,1930.0,0.0,0.0,855.52002
1548,Liberia,1930.0,0.0,0.0,747.81482
1549,Nepal,1930.0,0.0,0.0,519.24323
1550,Mongolia,1930.0,0.0,0.0,606.35138
1551,Austria,1930.0,13.0,0.0,3586.0
1552,Lithuania,1930.0,0.0,0.0,1448.0
1553,Togo,1930.0,0.0,0.0,747.81482
1554,Namibia,1930.0,0.0,0.0,747.81482
1555,Ukraine,1930.0,0.0,0.0,1448.0
1556,Iceland,1930.0,0.0,0.0,3291.0
1557,Rwanda,1930.0,0.0,0.0,747.81482
1558,Croatia,1930.0,0.0,0.0,1944.4546
1559,Haiti,1930.0,2.0,0.0,1041.7188
1560,Malta,1930.0,0.0,0.0,3291.0
1561,Cyprus,1930.0,0.0,0.0,3291.0
1562,Belize,1930.0,0.0,0.0,1798.4054
1563,Thailand,1930.0,0.0,0.0,796.66669
1564,Serbia,1930.0,21.0,0.0,1944.4546
1565,Sierra Leone,1930.0,0.0,0.0,747.81482
1566,Papua New Guinea,1930.0,0.0,0.0,1042.8379
1567,Fiji,1930.0,0.0,0.0,1042.8379
1568,Moldova,1930.0,0.0,0.0,1448.0
1569,Guatemala,1930.0,0.0,0.0,1776.0
1570,Latvia,1930.0,1.0,0.0,1448.0
1571,Mozambique,1930.0,0.0,0.0,747.81482
1572,Central African Rep.,1930.0,0.0,0.0,747.81482
1573,Madagascar,1930.0,0.0,0.0,747.81482
1574,Slovakia,1930.0,0.0,0.0,2795.5381
1575,Barbados,1930.0,0.0,0.0,1798.4054
1576,Dem. Rep. Congo,1930.0,0.0,0.0,747.81482
1577,Gabon,1930.0,0.0,0.0,747.81482
1578,Botswana,1930.0,0.0,0.0,747.81482
1579,South Korea,1930.0,0.0,0.0,1049.0
1580,Cambodia,1930.0,0.0,0.0,627.94592
1581,Senegal,1930.0,0.0,0.0,747.81482
1582,Bolivia,1930.0,0.0,0.0,1384.375
1583,Zimbabwe,1930.0,0.0,0.0,747.81482
1584,Myanmar,1930.0,0.0,0.0,884.40002
1585,Malawi,1930.0,0.0,0.0,747.81482
1586,Zambia,1930.0,0.0,0.0,747.81482
1587,Gambia,1930.0,0.0,0.0,747.81482
1588,Albania,1930.0,0.0,0.0,929.57141
1589,eSwatini,1930.0,0.0,0.0,747.81482
1590,Burkina Faso,1930.0,0.0,0.0,747.81482
1591,Burundi,1930.0,0.0,0.0,747.81482
1592,Vietnam,1930.0,0.0,0.0,695.2973
1593,Tonga,1930.0,0.0,0.0,1042.8379
1594,Lesotho,1930.0,0.0,0.0,747.81482
1595,China,1950.0,5.0,0.0,448.0
1596,Denmark,1950.0,27.0,4.0,6943.0
1597,Netherlands,1950.0,12.0,1.0,5996.0
1598,Finland,1950.0,395.0,53.0,4253.0
1599,Norway,1950.0,36.0,5.0,5430.0
1600,Romania,1950.0,80.0,13.0,1182.0
1601,Estonia,1950.0,0.0,0.0,2841.0
1602,France,1950.0,202.0,28.0,5186.0
1603,Morocco,1950.0,0.0,0.0,1455.0
1604,Spain,1950.0,9.0,1.0,2189.0
1605,Egypt,1950.0,0.0,0.0,910.0
1606,Iran,1950.0,6.0,4.0,1720.0
1607,Bulgaria,1950.0,85.0,7.0,1651.0
1608,Italy,1950.0,142.0,25.0,3502.0
1609,Sudan,1950.0,0.0,0.0,821.0
1610,Russia,1950.0,302.0,105.0,2841.0
1611,Argentina,1950.0,56.0,3.0,4987.0
1612,Cuba,1950.0,21.0,0.0,2046.0
1613,Greece,1950.0,19.0,1.0,1915.0
1614,Cameroon,1950.0,0.0,0.0,671.0
1615,Turkey,1950.0,19.0,3.0,1623.0
1616,Chile,1950.0,26.0,2.0,3670.0
1617,Mexico,1950.0,27.0,0.0,2365.0
1618,United States of America,1950.0,617.0,201.0,9561.0
1619,Nicaragua,1950.0,0.0,0.0,1616.0
1620,Hungary,1950.0,145.0,55.0,2480.0
1621,Nigeria,1950.0,2.0,0.0,753.0
1622,Algeria,1950.0,0.0,0.0,1365.0
1623,Kuwait,1950.0,0.0,0.0,28878.0
1624,Bahrain,1950.0,0.0,0.0,2104.0
1625,Pakistan,1950.0,32.0,10.0,643.0
1626,Iraq,1950.0,0.0,0.0,1364.0
1627,Syria,1950.0,0.0,0.0,2409.0
1628,Qatar,1950.0,0.0,0.0,30387.0
1629,Malaysia,1950.0,1.0,0.0,1559.0
1630,Germany,1950.0,178.0,46.0,3881.0
1631,Canada,1950.0,60.0,11.0,7291.0
1632,Ireland,1950.0,25.0,1.0,3453.0
1633,Australia,1950.0,152.0,37.0,7412.0
1634,South Africa,1950.0,22.0,3.0,2535.0
1635,Tanzania,1950.0,0.0,0.0,424.0
1636,Jordan,1950.0,0.0,0.0,1663.0
1637,Tunisia,1950.0,0.0,0.0,1115.0
1638,Libya,1950.0,0.0,0.0,857.0
1639,Belgium,1950.0,62.0,2.0,5462.0
1640,Kazakhstan,1950.0,0.0,0.0,2841.0
1641,Brunei,1950.0,0.0,0.0,1385.0
1642,India,1950.0,16.0,7.0,619.0
1643,Saudi Arabia,1950.0,0.0,0.0,2231.0
1644,Maldives,1950.0,0.0,0.0,1385.0
1645,Ethiopia,1950.0,10.0,0.0,390.0
1646,United Arab Emirates,1950.0,0.0,0.0,15798.0
1647,Yemen,1950.0,0.0,0.0,911.0
1648,Indonesia,1950.0,1.0,0.0,803.0
1649,Philippines,1950.0,13.0,0.0,1070.0
1650,Kyrgyzstan,1950.0,0.0,0.0,2841.0
1651,Tajikistan,1950.0,0.0,0.0,2841.0
1652,Japan,1950.0,126.0,17.0,1921.0
1653,Congo,1950.0,0.0,0.0,1198.0
1654,Switzerland,1950.0,50.0,10.0,9064.0
1655,Brazil,1950.0,33.0,3.0,1672.0
1656,Israel,1950.0,1.0,0.0,2817.0
1657,Uruguay,1950.0,21.0,8.0,4659.0
1658,Sweden,1950.0,128.0,21.0,6769.0
1659,Sri Lanka,1950.0,0.0,0.0,1253.0
1660,Armenia,1950.0,0.0,0.0,2841.0
1661,Ivory Coast,1950.0,0.0,0.0,1041.0
1662,Kenya,1950.0,10.0,0.0,651.0
1663,Benin,1950.0,0.0,0.0,1084.0
1664,United Kingdom,1950.0,231.0,31.0,6939.0
1665,Ghana,1950.0,0.0,0.0,1122.0
1666,Niger,1950.0,0.0,0.0,617.0
1667,Mali,1950.0,0.0,0.0,457.0
1668,Afghanistan,1950.0,0.0,0.0,645.0
1669,Poland,1950.0,314.0,22.0,2447.0
1670,Costa Rica,1950.0,0.0,0.0,1963.0
1671,Panama,1950.0,0.0,0.0,1916.0
1672,Slovenia,1950.0,0.0,0.0,2262.3066
1673,Guyana,1950.0,0.0,0.0,2533.0
1674,New Zealand,1950.0,16.0,4.0,8456.0
1675,Portugal,1950.0,30.0,0.0,2086.0
1676,Paraguay,1950.0,0.0,0.0,1584.0
1677,Angola,1950.0,0.0,0.0,1052.0
1678,Venezuela,1950.0,20.0,1.0,7462.0
1679,Colombia,1950.0,14.0,0.0,2153.0
1680,Bangladesh,1950.0,0.0,0.0,540.0
1681,Peru,1950.0,6.0,0.0,2308.0
1682,El Salvador,1950.0,0.0,0.0,1489.0
1683,Uganda,1950.0,0.0,0.0,687.0
1684,Honduras,1950.0,0.0,0.0,1313.0
1685,Ecuador,1950.0,0.0,0.0,1863.0
1686,Mauritius,1950.0,0.0,0.0,2490.0
1687,Czechia,1950.0,115.0,13.0,2629.231
1688,Luxembourg,1950.0,69.0,1.0,3846.0
1689,Mauritania,1950.0,0.0,0.0,464.0
1690,Trinidad and Tobago,1950.0,2.0,0.0,3674.0
1691,Dominican Rep.,1950.0,0.0,0.0,1027.0
1692,Jamaica,1950.0,22.0,8.0,1327.0
1693,Liberia,1950.0,3.0,0.0,1055.0
1694,Nepal,1950.0,0.0,0.0,496.0
1695,Mongolia,1950.0,0.0,0.0,435.0
1696,Austria,1950.0,33.0,4.0,3706.0
1697,Lithuania,1950.0,0.0,0.0,2841.0
1698,Togo,1950.0,0.0,0.0,574.0
1699,Namibia,1950.0,0.0,0.0,2160.0
1700,Ukraine,1950.0,0.0,0.0,2841.0
1701,Iceland,1950.0,9.0,1.0,3846.0
1702,Rwanda,1950.0,0.0,0.0,547.0
1703,Croatia,1950.0,0.0,0.0,2111.0
1704,Haiti,1950.0,0.0,0.0,1051.0
1705,Malta,1950.0,0.0,0.0,3846.0
1706,Cyprus,1950.0,0.0,0.0,3846.0
1707,Belize,1950.0,0.0,0.0,2533.0
1708,Thailand,1950.0,7.0,0.0,817.0
1709,Serbia,1950.0,56.0,9.0,2111.0
1710,Sierra Leone,1950.0,0.0,0.0,656.0
1711,Papua New Guinea,1950.0,0.0,0.0,1385.0
1712,Fiji,1950.0,1.0,0.0,1385.0
1713,Moldova,1950.0,0.0,0.0,2841.0
1714,Guatemala,1950.0,2.0,0.0,2085.0
1715,Latvia,1950.0,0.0,0.0,2841.0
1716,Mozambique,1950.0,0.0,0.0,1133.0
1717,Central African Rep.,1950.0,0.0,0.0,772.0
1718,Madagascar,1950.0,0.0,0.0,951.0
1719,Slovakia,1950.0,0.0,0.0,3018.3616
1720,Barbados,1950.0,0.0,0.0,2533.0
1721,Dem. Rep. Congo,1950.0,0.0,0.0,570.0
1722,Gabon,1950.0,0.0,0.0,3108.0
1723,Botswana,1950.0,0.0,0.0,349.0
1724,South Korea,1950.0,8.0,1.0,854.0
1725,Cambodia,1950.0,0.0,0.0,482.0
1726,Senegal,1950.0,0.0,0.0,1259.0
1727,Bolivia,1950.0,0.0,0.0,1919.0
1728,Zimbabwe,1950.0,0.0,0.0,701.0
1729,Myanmar,1950.0,9.0,0.0,396.0
1730,Malawi,1950.0,0.0,0.0,324.0
1731,Zambia,1950.0,0.0,0.0,661.0
1732,Gambia,1950.0,0.0,0.0,607.0
1733,Albania,1950.0,0.0,0.0,1001.0
1734,eSwatini,1950.0,0.0,0.0,721.0
1735,Burkina Faso,1950.0,0.0,0.0,474.0
1736,Burundi,1950.0,0.0,0.0,360.0
1737,Vietnam,1950.0,0.0,0.0,658.0
1738,Tonga,1950.0,0.0,0.0,1385.0
1739,Lesotho,1950.0,0.0,0.0,355.0
1740,China,1900.0,0.0,0.0,545.0
1741,Denmark,1900.0,1.0,0.0,3017.0
1742,Netherlands,1900.0,2.0,0.0,3424.0
1743,Finland,1900.0,29.0,10.0,1668.0
1744,Norway,1900.0,9.0,5.0,1877.0
1745,Romania,1900.0,0.0,0.0,1415.0
1746,Estonia,1900.0,0.0,0.0,1237.0
1747,France,1900.0,35.0,11.0,2876.0
1748,Morocco,1900.0,0.0,0.0,665.55817
1749,Spain,1900.0,0.0,0.0,1786.0
1750,Egypt,1900.0,0.0,0.0,825.51166
1751,Iran,1900.0,0.0,0.0,915.04651
1752,Bulgaria,1900.0,0.0,0.0,1223.0
1753,Italy,1900.0,9.0,2.0,1785.0
1754,Sudan,1900.0,0.0,0.0,601.0
1755,Russia,1900.0,0.0,0.0,1237.0
1756,Argentina,1900.0,0.0,0.0,2756.0
1757,Cuba,1900.0,1.0,0.0,778.0
1758,Greece,1900.0,21.0,8.0,1351.0
1759,Cameroon,1900.0,0.0,0.0,601.0
1760,Turkey,1900.0,2.0,0.0,1095.6976
1761,Chile,1900.0,0.0,0.0,2194.0
1762,Mexico,1900.0,0.0,0.0,1366.0
1763,United States of America,1900.0,327.0,135.0,4091.0
1764,Nicaragua,1900.0,0.0,0.0,778.0
1765,Hungary,1900.0,23.0,12.0,1682.0
1766,Nigeria,1900.0,0.0,0.0,601.0
1767,Algeria,1900.0,0.0,0.0,1027.5581
1768,Kuwait,1900.0,0.0,0.0,951.30231
1769,Bahrain,1900.0,0.0,0.0,951.30231
1770,Pakistan,1900.0,0.0,0.0,608.0
1771,Iraq,1900.0,0.0,0.0,915.04651
1772,Syria,1900.0,0.0,0.0,1197.0233
1773,Qatar,1900.0,0.0,0.0,951.30231
1774,Malaysia,1900.0,0.0,0.0,763.97559
1775,Germany,1900.0,77.0,17.0,2985.0
1776,Canada,1900.0,28.0,17.0,2911.0
1777,Ireland,1900.0,0.0,0.0,2445.4651
1778,Australia,1900.0,15.0,7.0,4013.0
1779,South Africa,1900.0,1.0,1.0,1377.0698
1780,Tanzania,1900.0,0.0,0.0,601.0
1781,Jordan,1900.0,0.0,0.0,914.7442
1782,Tunisia,1900.0,0.0,0.0,807.41858
1783,Libya,1900.0,0.0,0.0,849.12415
1784,Belgium,1900.0,1.0,1.0,3731.0
1785,Kazakhstan,1900.0,0.0,0.0,1237.0
1786,Brunei,1900.0,0.0,0.0,686.39532
1787,India,1900.0,0.0,0.0,599.0
1788,Saudi Arabia,1900.0,0.0,0.0,951.30231
1789,Maldives,1900.0,0.0,0.0,686.39532
1790,Ethiopia,1900.0,0.0,0.0,601.0
1791,United Arab Emirates,1900.0,0.0,0.0,951.30231
1792,Yemen,1900.0,0.0,0.0,951.30231
1793,Indonesia,1900.0,0.0,0.0,704.0
1794,Philippines,1900.0,0.0,0.0,669.9375
1795,Kyrgyzstan,1900.0,0.0,0.0,1237.0
1796,Tajikistan,1900.0,0.0,0.0,1237.0
1797,Japan,1900.0,0.0,0.0,1180.0
1798,Congo,1900.0,0.0,0.0,601.0
1799,Switzerland,1900.0,1.0,0.0,3833.0
1800,Brazil,1900.0,0.0,0.0,678.0
1801,Israel,1900.0,0.0,0.0,951.30231
1802,Uruguay,1900.0,0.0,0.0,2219.0
1803,Sweden,1900.0,71.0,18.0,2209.0
1804,Sri Lanka,1900.0,0.0,0.0,1290.0
1805,Armenia,1900.0,0.0,0.0,1237.0
1806,Ivory Coast,1900.0,0.0,0.0,601.0
1807,Kenya,1900.0,0.0,0.0,601.0
1808,Benin,1900.0,0.0,0.0,601.0
1809,United Kingdom,1900.0,99.0,54.0,4492.0
1810,Ghana,1900.0,0.0,0.0,677.60468
1811,Niger,1900.0,0.0,0.0,601.0
1812,Mali,1900.0,0.0,0.0,601.0
1813,Afghanistan,1900.0,0.0,0.0,686.39532
1814,Poland,1900.0,0.0,0.0,1536.0
1815,Costa Rica,1900.0,0.0,0.0,778.0
1816,Panama,1900.0,0.0,0.0,778.0
1817,Slovenia,1900.0,0.0,0.0,1667.7644
1818,Guyana,1900.0,0.0,0.0,845.0
1819,New Zealand,1900.0,0.0,0.0,4298.0
1820,Portugal,1900.0,0.0,0.0,1302.0
1821,Paraguay,1900.0,0.0,0.0,778.0
1822,Angola,1900.0,0.0,0.0,601.0
1823,Venezuela,1900.0,0.0,0.0,821.0
1824,Colombia,1900.0,0.0,0.0,973.0
1825,Bangladesh,1900.0,0.0,0.0,608.0
1826,Peru,1900.0,0.0,0.0,686.0
1827,El Salvador,1900.0,0.0,0.0,778.0
1828,Uganda,1900.0,0.0,0.0,601.0
1829,Honduras,1900.0,0.0,0.0,778.0
1830,Ecuador,1900.0,0.0,0.0,778.0
1831,Mauritius,1900.0,0.0,0.0,601.0
1832,Czechia,1900.0,0.0,0.0,2174.532
1833,Luxembourg,1900.0,0.0,0.0,2361.0
1834,Mauritania,1900.0,0.0,0.0,601.0
1835,Trinidad and Tobago,1900.0,0.0,0.0,778.0
1836,Dominican Rep.,1900.0,0.0,0.0,778.0
1837,Jamaica,1900.0,0.0,0.0,585.93024
1838,Liberia,1900.0,0.0,0.0,601.0
1839,Nepal,1900.0,0.0,0.0,496.06976
1840,Mongolia,1900.0,0.0,0.0,686.39532
1841,Austria,1900.0,5.0,2.0,2882.0
1842,Lithuania,1900.0,0.0,0.0,1237.0
1843,Togo,1900.0,0.0,0.0,601.0
1844,Namibia,1900.0,0.0,0.0,601.0
1845,Ukraine,1900.0,0.0,0.0,1237.0
1846,Iceland,1900.0,0.0,0.0,2361.0
1847,Rwanda,1900.0,0.0,0.0,601.0
1848,Croatia,1900.0,0.0,0.0,1438.0
1849,Haiti,1900.0,0.0,0.0,778.0
1850,Malta,1900.0,0.0,0.0,2361.0
1851,Cyprus,1900.0,0.0,0.0,2361.0
1852,Belize,1900.0,0.0,0.0,845.0
1853,Thailand,1900.0,0.0,0.0,808.78259
1854,Serbia,1900.0,0.0,0.0,1438.0
1855,Sierra Leone,1900.0,0.0,0.0,601.0
1856,Papua New Guinea,1900.0,0.0,0.0,686.39532
1857,Fiji,1900.0,0.0,0.0,686.39532
1858,Moldova,1900.0,0.0,0.0,1237.0
1859,Guatemala,1900.0,0.0,0.0,778.0
1860,Latvia,1900.0,0.0,0.0,1237.0
1861,Mozambique,1900.0,0.0,0.0,601.0
1862,Central African Rep.,1900.0,0.0,0.0,601.0
1863,Madagascar,1900.0,0.0,0.0,601.0
1864,Slovakia,1900.0,0.0,0.0,2496.365
1865,Barbados,1900.0,0.0,0.0,845.0
1866,Dem. Rep. Congo,1900.0,0.0,0.0,601.0
1867,Gabon,1900.0,0.0,0.0,601.0
1868,Botswana,1900.0,0.0,0.0,601.0
1869,South Korea,1900.0,0.0,0.0,758.39026
1870,Cambodia,1900.0,0.0,0.0,686.39532
1871,Senegal,1900.0,0.0,0.0,601.0
1872,Bolivia,1900.0,0.0,0.0,778.0
1873,Zimbabwe,1900.0,0.0,0.0,601.0
1874,Myanmar,1900.0,0.0,0.0,692.70966
1875,Malawi,1900.0,0.0,0.0,601.0
1876,Zambia,1900.0,0.0,0.0,601.0
1877,Gambia,1900.0,0.0,0.0,601.0
1878,Albania,1900.0,0.0,0.0,685.0
1879,eSwatini,1900.0,0.0,0.0,601.0
1880,Burkina Faso,1900.0,0.0,0.0,601.0
1881,Burundi,1900.0,0.0,0.0,601.0
1882,Vietnam,1900.0,0.0,0.0,659.88373
1883,Tonga,1900.0,0.0,0.0,686.39532
1884,Lesotho,1900.0,0.0,0.0,601.0
1885,China,1910.0,0.0,0.0,550.38464
1886,Denmark,1910.0,1.0,0.0,3705.0
1887,Netherlands,1910.0,0.0,0.0,3789.0
1888,Finland,1910.0,54.0,21.0,1906.0
1889,Norway,1910.0,38.0,1.0,2186.0
1890,Romania,1910.0,0.0,0.0,1660.0
1891,Estonia,1910.0,0.0,0.0,1430.0769
1892,France,1910.0,17.0,1.0,2965.0
1893,Morocco,1910.0,0.0,0.0,699.7442
1894,Spain,1910.0,0.0,0.0,1895.0
1895,Egypt,1910.0,0.0,0.0,884.34882
1896,Iran,1910.0,0.0,0.0,980.39532
1897,Bulgaria,1910.0,0.0,0.0,1456.0
1898,Italy,1910.0,3.0,1.0,2332.0
1899,Sudan,1910.0,0.0,0.0,628.69232
1900,Russia,1910.0,16.0,2.0,1430.0769
1901,Argentina,1910.0,0.0,0.0,3822.0
1902,Cuba,1910.0,0.0,0.0,978.0
1903,Greece,1910.0,4.0,2.0,1536.3846
1904,Cameroon,1910.0,0.0,0.0,628.69232
1905,Turkey,1910.0,2.0,0.0,1185.9302
1906,Chile,1910.0,0.0,0.0,3000.0
1907,Mexico,1910.0,0.0,0.0,1694.0
1908,United States of America,1910.0,178.0,48.0,4964.0
1909,Nicaragua,1910.0,0.0,0.0,978.0
1910,Hungary,1910.0,12.0,0.0,2000.0
1911,Nigeria,1910.0,0.0,0.0,628.69232
1912,Algeria,1910.0,0.0,0.0,1131.7441
1913,Kuwait,1910.0,0.0,0.0,1021.0698
1914,Bahrain,1910.0,0.0,0.0,1021.0698
1915,Pakistan,1910.0,0.0,0.0,661.84613
1916,Iraq,1910.0,0.0,0.0,980.39532
1917,Syria,1910.0,0.0,0.0,1314.6976
1918,Qatar,1910.0,0.0,0.0,1021.0698
1919,Malaysia,1910.0,0.0,0.0,797.63416
1920,Germany,1910.0,42.0,2.0,3348.0
1921,Canada,1910.0,8.0,1.0,4066.0
1922,Ireland,1910.0,0.0,0.0,2668.9534
1923,Australia,1910.0,3.0,1.0,5210.0
1924,South Africa,1910.0,8.0,1.0,1550.093
1925,Tanzania,1910.0,0.0,0.0,628.69232
1926,Jordan,1910.0,0.0,0.0,980.32556
1927,Tunisia,1910.0,0.0,0.0,865.55817
1928,Libya,1910.0,0.0,0.0,850.69934
1929,Belgium,1910.0,3.0,0.0,4064.0
1930,Kazakhstan,1910.0,0.0,0.0,1430.0769
1931,Brunei,1910.0,0.0,0.0,736.86047
1932,India,1910.0,0.0,0.0,697.0
1933,Saudi Arabia,1910.0,0.0,0.0,1021.0698
1934,Maldives,1910.0,0.0,0.0,736.86047
1935,Ethiopia,1910.0,0.0,0.0,628.69232
1936,United Arab Emirates,1910.0,0.0,0.0,1021.0698
1937,Yemen,1910.0,0.0,0.0,1021.0698
1938,Indonesia,1910.0,0.0,0.0,803.0
1939,Philippines,1910.0,0.0,0.0,874.0
1940,Kyrgyzstan,1910.0,0.0,0.0,1430.0769
1941,Tajikistan,1910.0,0.0,0.0,1430.0769
1942,Japan,1910.0,1.0,0.0,1304.0
1943,Congo,1910.0,0.0,0.0,628.69232
1944,Switzerland,1910.0,1.0,0.0,4331.0
1945,Brazil,1910.0,0.0,0.0,769.0
1946,Israel,1910.0,0.0,0.0,1021.0698
1947,Uruguay,1910.0,0.0,0.0,3136.0
1948,Sweden,1910.0,112.0,32.0,2776.0
1949,Sri Lanka,1910.0,0.0,0.0,1208.0
1950,Armenia,1910.0,0.0,0.0,1430.0769
1951,Ivory Coast,1910.0,0.0,0.0,628.69232
1952,Kenya,1910.0,0.0,0.0,628.69232
1953,Benin,1910.0,0.0,0.0,628.69232
1954,United Kingdom,1910.0,39.0,17.0,4611.0
1955,Ghana,1910.0,0.0,0.0,757.13953
1956,Niger,1910.0,0.0,0.0,628.69232
1957,Mali,1910.0,0.0,0.0,628.69232
1958,Afghanistan,1910.0,0.0,0.0,736.86047
1959,Poland,1910.0,0.0,0.0,1690.0
1960,Costa Rica,1910.0,0.0,0.0,978.0
1961,Panama,1910.0,0.0,0.0,978.0
1962,Slovenia,1910.0,0.0,0.0,1848.3484
1963,Guyana,1910.0,0.0,0.0,1098.0769
1964,New Zealand,1910.0,0.0,0.0,5316.0
1965,Portugal,1910.0,0.0,0.0,1228.0
1966,Paraguay,1910.0,0.0,0.0,978.0
1967,Angola,1910.0,0.0,0.0,628.69232
1968,Venezuela,1910.0,0.0,0.0,886.0
1969,Colombia,1910.0,0.0,0.0,1162.0
1970,Bangladesh,1910.0,0.0,0.0,661.84613
1971,Peru,1910.0,0.0,0.0,981.0
1972,El Salvador,1910.0,0.0,0.0,978.0
1973,Uganda,1910.0,0.0,0.0,628.69232
1974,Honduras,1910.0,0.0,0.0,978.0
1975,Ecuador,1910.0,0.0,0.0,978.0
1976,Mauritius,1910.0,0.0,0.0,628.69232
1977,Czechia,1910.0,0.0,0.0,2527.9956
1978,Luxembourg,1910.0,0.0,0.0,2721.7693
1979,Mauritania,1910.0,0.0,0.0,628.69232
1980,Trinidad and Tobago,1910.0,0.0,0.0,978.0
1981,Dominican Rep.,1910.0,0.0,0.0,978.0
1982,Jamaica,1910.0,0.0,0.0,602.90698
1983,Liberia,1910.0,0.0,0.0,628.69232
1984,Nepal,1910.0,0.0,0.0,529.09302
1985,Mongolia,1910.0,0.0,0.0,736.86047
1986,Austria,1910.0,7.0,0.0,3290.0
1987,Lithuania,1910.0,0.0,0.0,1430.0769
1988,Togo,1910.0,0.0,0.0,628.69232
1989,Namibia,1910.0,0.0,0.0,628.69232
1990,Ukraine,1910.0,0.0,0.0,1430.0769
1991,Iceland,1910.0,0.0,0.0,2721.7693
1992,Rwanda,1910.0,0.0,0.0,628.69232
1993,Croatia,1910.0,0.0,0.0,1636.0
1994,Haiti,1910.0,0.0,0.0,978.0
1995,Malta,1910.0,0.0,0.0,2721.7693
1996,Cyprus,1910.0,0.0,0.0,2721.7693
1997,Belize,1910.0,0.0,0.0,1098.0769
1998,Thailand,1910.0,0.0,0.0,833.56525
1999,Serbia,1910.0,2.0,0.0,1636.0
2000,Sierra Leone,1910.0,0.0,0.0,628.69232
2001,Papua New Guinea,1910.0,0.0,0.0,736.86047
2002,Fiji,1910.0,0.0,0.0,736.86047
2003,Moldova,1910.0,0.0,0.0,1430.0769
2004,Guatemala,1910.0,0.0,0.0,978.0
2005,Latvia,1910.0,0.0,0.0,1430.0769
2006,Mozambique,1910.0,0.0,0.0,628.69232
2007,Central African Rep.,1910.0,0.0,0.0,628.69232
2008,Madagascar,1910.0,0.0,0.0,628.69232
2009,Slovakia,1910.0,0.0,0.0,2902.1416
2010,Barbados,1910.0,0.0,0.0,1098.0769
2011,Dem. Rep. Congo,1910.0,0.0,0.0,628.69232
2012,Gabon,1910.0,0.0,0.0,628.69232
2013,Botswana,1910.0,0.0,0.0,628.69232
2014,South Korea,1910.0,0.0,0.0,809.85364
2015,Cambodia,1910.0,0.0,0.0,736.86047
2016,Senegal,1910.0,0.0,0.0,628.69232
2017,Bolivia,1910.0,0.0,0.0,978.0
2018,Zimbabwe,1910.0,0.0,0.0,628.69232
2019,Myanmar,1910.0,0.0,0.0,598.79999
2020,Malawi,1910.0,0.0,0.0,628.69232
2021,Zambia,1910.0,0.0,0.0,628.69232
2022,Gambia,1910.0,0.0,0.0,628.69232
2023,Albania,1910.0,0.0,0.0,780.0
2024,eSwatini,1910.0,0.0,0.0,628.69232
2025,Burkina Faso,1910.0,0.0,0.0,628.69232
2026,Burundi,1910.0,0.0,0.0,628.69232
2027,Vietnam,1910.0,0.0,0.0,711.51166
2028,Tonga,1910.0,0.0,0.0,736.86047
2029,Lesotho,1910.0,0.0,0.0,628.69232
